run_tag,scene,kind,is_baseline,seed,T,F,L,per_level_scale,batch_size,n_steps,dataset,aabb_scale,n_train_images,n_test_images,image_resolution,downsample_factor,test_split_rule,psnr,psnr_std,psnr_median,ssim,ssim_ngp,lpips,loss_final,vram_peak_mb,vram_peak_device_mb,vram_baseline_mb,vram_device_min_mb,vram_method,t_train_s,t_eval_s,t_setup_s,steps_per_s,n_rays_effective_mean,n_rays_effective_std,samples_per_batch_mean,samples_per_ray_mean,batch_size_drift,test_views,spp,n_params,n_encoding_params,mlp_impl,nerf_compatibility,status,error,timestamp,psnr_original,procedencia_psnr
garden_baseline_s0,garden,baseline,True,0,,,,,262144,5000,garden,4,161,24,2594x1681,2,holdout_every=8,21.1346,1.4597,21.3086,0.4968,0.54002,0.55394,0.00517019,4320.0,5402.3,1082.3,1082.3,device_minus_baseline,143.842,121.375,2.889,34.76,21906.3,5750.2,263469.0,12.03,0.0051,24,8,12865536,12855296,FullyFusedMLP,False,ok,worker terminou sem concluir,2026-09-13T02:02:43,21.1346,grid original
bonsai_baseline_s0,bonsai,baseline,True,0,,,,,262144,5000,bonsai,8,255,37,1559x1039,2,holdout_every=8,28.592,1.8448,29.1246,0.86421,0.87975,0.21784,0.00129121,3428.0,4514.0,1086.0,1086.0,device_minus_baseline,144.611,70.702,2.385,34.58,14712.2,2622.0,264895.9,18.01,0.0105,37,8,12950272,12940032,FullyFusedMLP,False,ok,worker terminou sem concluir,2026-09-13T02:07:36,28.592,grid original
garden_T15_F2_L4_s0,garden,grid,False,0,15,2,4,8.0,262144,5000,garden,4,161,24,2594x1681,2,holdout_every=8,16.2165,2.3679,16.9129,0.33089,0.42856,0.89213,0.00912503,3928.3,5015.2,1086.9,1086.9,device_minus_baseline,72.376,109.175,1.999,69.08,9644.4,2642.5,266037.3,27.58,0.0149,24,8,214016,204800,FullyFusedMLP,False,ok,worker terminou sem concluir,2026-09-13T02:11:35,16.2165,grid original
garden_T15_F2_L8_s0,garden,grid,False,0,15,2,8,2.438027,262144,5000,garden,4,161,24,2594x1681,2,holdout_every=8,14.805,2.2424,14.647,0.31954,0.41675,0.93532,0.00818232,3916.7,5019.2,1102.5,1102.5,device_minus_baseline,82.268,111.219,2.028,60.78,9294.4,2025.8,266177.3,28.64,0.0154,24,8,476160,466944,FullyFusedMLP,False,ok,worker terminou sem concluir,2026-09-13T02:14:57,14.805,manter (reverificado na Etapa 1)
garden_T15_F2_L16_s0,garden,grid,False,0,15,2,16,1.515717,262144,5000,garden,4,161,24,2594x1681,2,holdout_every=8,20.569,1.1965,20.9019,0.41892,0.48951,0.67993,0.00601766,4060.7,5158.9,1098.2,1098.2,device_minus_baseline,108.03,114.897,1.987,46.28,23797.6,7131.3,263791.5,11.08,0.0063,24,8,967200,956960,FullyFusedMLP,False,ok,worker terminou sem concluir,2026-09-13T02:18:31,20.569,grid original
garden_T15_F4_L4_s0,garden,grid,False,0,15,4,4,8.0,262144,5000,garden,4,161,24,2594x1681,2,holdout_every=8,15.979,2.2786,16.5716,0.32697,0.42421,0.92898,0.00839883,3918.7,5016.9,1098.2,1098.2,device_minus_baseline,73.059,104.653,2.115,68.44,9435.4,2051.9,266040.0,28.2,0.0149,24,8,418816,409600,FullyFusedMLP,False,ok,worker terminou sem concluir,2026-09-13T02:22:37,15.979,grid original
garden_T15_F4_L8_s0,garden,grid,False,0,15,4,8,2.438027,262144,5000,garden,4,161,24,2594x1681,2,holdout_every=8,20.4941,1.1271,20.7559,0.41243,0.48512,0.69209,0.00617096,4058.7,5156.9,1098.2,1098.2,device_minus_baseline,88.91,108.943,1.955,56.24,23541.6,6878.7,263404.5,11.19,0.0048,24,8,944128,933888,FullyFusedMLP,False,ok,worker terminou sem concluir,2026-09-13T02:25:55,20.4941,grid original
garden_T15_F4_L16_s0,garden,grid,False,0,15,4,16,1.515717,262144,5000,garden,4,161,24,2594x1681,2,holdout_every=8,20.7406,1.2507,20.9824,0.43566,0.50028,0.65374,0.00571725,4338.7,5436.9,1098.2,1098.2,device_minus_baseline,131.995,116.978,1.972,37.88,24215.5,7502.6,263640.6,10.89,0.0057,24,8,1926208,1913920,FullyFusedMLP,False,ok,worker terminou sem concluir,2026-09-13T02:29:33,20.7406,grid original
garden_T15_F8_L4_s0,garden,grid,False,0,15,8,4,8.0,262144,5000,garden,4,161,24,2594x1681,2,holdout_every=8,20.3365,1.053,20.6334,0.3968,0.47556,0.73068,0.00649173,3986.7,5084.9,1098.2,1098.2,device_minus_baseline,76.121,106.983,2.027,65.68,22580.2,6403.0,263994.3,11.69,0.0071,24,8,829440,819200,FullyFusedMLP,False,ok,worker terminou sem concluir,2026-09-13T02:34:08,20.3365,grid original
garden_T15_F8_L8_s0,garden,grid,False,0,15,8,8,2.438027,262144,5000,garden,4,161,24,2594x1681,2,holdout_every=8,20.7909,1.2099,21.0647,0.42816,0.49529,0.66639,0.0058449,4338.7,5436.9,1098.2,1098.2,device_minus_baseline,107.338,112.501,2.703,46.58,24288.7,7408.9,263952.2,10.87,0.0069,24,8,1880064,1867776,FullyFusedMLP,False,ok,worker terminou sem concluir,2026-09-13T02:37:29,20.7909,grid original
garden_T15_F8_L16_s0,garden,grid,False,0,15,8,16,1.515717,262144,5000,garden,4,161,24,2594x1681,2,holdout_every=8,20.9408,1.3209,21.2113,0.45435,0.5119,0.61881,0.00547419,4634.4,5732.6,1098.2,1098.2,device_minus_baseline,185.958,132.234,3.216,26.89,24873.8,7044.4,263799.4,10.61,0.0063,24,8,3844224,3827840,FullyFusedMLP,False,ok,worker terminou sem concluir,2026-09-13T02:41:33,20.9408,grid original
garden_T17_F2_L4_s0,garden,grid,False,0,17,2,4,8.0,262144,5000,garden,4,161,24,2594x1681,2,holdout_every=8,15.8632,2.3636,16.9621,0.32911,0.42563,0.8919,0.00830689,3928.6,4844.8,916.2,916.2,device_minus_baseline,72.548,111.681,2.273,68.92,9074.9,2169.8,266208.5,29.33,0.0155,24,8,803840,794624,FullyFusedMLP,False,ok,worker terminou sem concluir,2026-09-13T02:47:24,15.8632,grid original
garden_T17_F2_L8_s0,garden,grid,False,0,17,2,8,2.438027,262144,5000,garden,4,161,24,2594x1681,2,holdout_every=8,15.544,2.2422,15.4015,0.33308,0.42652,0.89816,0.00739082,3950.6,4866.8,916.2,916.2,device_minus_baseline,92.077,120.699,2.09,54.3,8620.4,1811.2,268067.4,31.1,0.0226,24,8,1718272,1709056,FullyFusedMLP,False,ok,worker terminou sem concluir,2026-09-13T02:50:49,15.544,grid original
garden_T17_F2_L16_s0,garden,grid,False,0,17,2,16,1.515717,262144,5000,garden,4,161,24,2594x1681,2,holdout_every=8,20.6501,1.4181,21.0323,0.45594,0.51197,0.61415,0.0054931,4114.6,5030.8,916.2,916.2,device_minus_baseline,156.994,119.04,3.082,31.85,21979.4,6443.0,264111.1,12.02,0.0075,24,8,3558880,3548640,FullyFusedMLP,False,ok,worker terminou sem concluir,2026-09-13T02:54:45,20.6501,grid original
garden_T17_F4_L4_s0,garden,grid,False,0,17,4,4,8.0,262144,5000,garden,4,161,24,2594x1681,2,holdout_every=8,15.9885,2.714,17.1147,0.33332,0.42631,0.88978,0.00759541,3950.6,4866.8,916.2,916.2,device_minus_baseline,82.379,116.07,2.764,60.7,9247.3,1895.1,267254.0,28.9,0.0195,24,8,1598464,1589248,FullyFusedMLP,False,ok,worker terminou sem concluir,2026-09-13T02:59:50,15.9885,grid original
garden_T17_F4_L8_s0,garden,grid,False,0,17,4,8,2.438027,262144,5000,garden,4,161,24,2594x1681,2,holdout_every=8,20.906,1.3022,21.1696,0.45471,0.51178,0.6116,0.00556248,4116.6,5032.8,916.2,916.2,device_minus_baseline,111.823,114.014,2.002,44.71,24241.6,6601.6,263456.0,10.87,0.005,24,8,3428352,3418112,FullyFusedMLP,False,ok,worker terminou sem concluir,2026-09-13T03:03:30,20.906,grid original
garden_T17_F4_L16_s0,garden,grid,False,0,17,4,16,1.515717,262144,5000,garden,4,161,24,2594x1681,2,holdout_every=8,20.917,1.3746,21.1315,0.48028,0.529,0.58317,0.00519955,4425.1,5341.2,916.2,916.2,device_minus_baseline,213.361,128.596,1.929,23.43,24288.7,6970.6,264340.7,10.88,0.0084,24,8,7109568,7097280,FullyFusedMLP,False,ok,worker terminou sem concluir,2026-09-13T03:07:39,20.917,grid original
garden_T17_F8_L4_s0,garden,grid,False,0,17,8,4,8.0,262144,5000,garden,4,161,24,2594x1681,2,holdout_every=8,20.1809,1.378,20.1314,0.42877,0.49415,0.66542,0.00588675,4094.7,5023.2,928.6,928.6,device_minus_baseline,107.475,116.568,2.099,46.52,19409.0,5661.1,263380.2,13.57,0.0047,24,8,3188736,3178496,FullyFusedMLP,False,ok,worker terminou sem concluir,2026-09-13T03:13:56,20.1809,grid original
garden_T17_F8_L8_s0,garden,grid,False,0,17,8,8,2.438027,262144,5000,garden,4,161,24,2594x1681,2,holdout_every=8,20.8913,1.3722,21.0945,0.47075,0.52238,0.59478,0.0053289,4446.6,5375.2,928.6,928.6,device_minus_baseline,151.764,121.105,2.038,32.95,24408.8,6756.0,262705.6,10.76,0.0021,24,8,6848512,6836224,FullyFusedMLP,False,ok,worker terminou sem concluir,2026-09-13T03:17:59,20.8913,grid original
garden_T17_F8_L16_s0,garden,grid,False,0,17,8,16,1.515717,262144,5000,garden,4,161,24,2594x1681,2,holdout_every=8,21.2091,1.4146,21.4411,0.50302,0.54486,0.55504,0.00500657,4935.5,5864.1,928.6,905.8,device_minus_baseline,274.249,149.234,2.047,18.23,24769.3,6911.0,263515.0,10.64,0.0052,24,8,14210944,14194560,FullyFusedMLP,False,ok,worker terminou sem concluir,2026-09-13T03:23:01,21.2091,grid original
garden_T19_F2_L4_s0,garden,grid,False,0,19,2,4,8.0,262144,5000,garden,4,161,24,2594x1681,2,holdout_every=8,17.8027,1.9125,18.2698,0.36718,0.45116,0.75366,0.00754901,3930.6,4741.8,811.2,811.2,device_minus_baseline,90.002,127.928,3.458,55.55,8683.1,1999.0,267784.4,30.84,0.0215,24,8,3163136,3153920,FullyFusedMLP,False,ok,worker terminou sem concluir,2026-09-13T03:30:45,17.8027,grid original
garden_T19_F2_L8_s0,garden,grid,False,0,19,2,8,2.438027,262144,5000,garden,4,161,24,2594x1681,2,holdout_every=8,20.8633,1.3087,21.0755,0.46645,0.51941,0.59213,0.00563041,4050.6,4861.8,811.2,811.2,device_minus_baseline,122.965,114.077,2.149,40.66,19304.5,7247.8,264625.9,13.71,0.0095,24,8,6436864,6427648,FullyFusedMLP,False,ok,worker terminou sem concluir,2026-09-13T03:34:48,20.8633,grid original
garden_T19_F2_L16_s0,garden,grid,False,0,19,2,16,1.515717,262144,5000,garden,4,161,24,2594x1681,2,holdout_every=8,20.6613,1.652,20.96,0.49334,0.53733,0.56587,0.0051213,4314.6,5125.8,811.2,811.2,device_minus_baseline,233.368,133.149,2.067,21.43,20981.6,5307.3,264148.8,12.59,0.0076,24,8,13085152,13074912,FullyFusedMLP,False,ok,worker terminou sem concluir,2026-09-13T03:39:09,20.6613,grid original
garden_T19_F4_L4_s0,garden,grid,False,0,19,4,4,8.0,262144,5000,garden,4,161,24,2594x1681,2,holdout_every=8,20.6768,1.2456,20.9912,0.44861,0.50658,0.62254,0.00581967,4050.6,4861.8,811.2,811.2,device_minus_baseline,93.89,110.966,3.003,53.25,20276.2,6546.2,262711.5,12.96,0.0022,24,8,6317056,6307840,FullyFusedMLP,False,ok,worker terminou sem concluir,2026-09-13T03:45:53,20.6768,grid original
garden_T19_F4_L8_s0,garden,grid,False,0,19,4,8,2.438027,262144,5000,garden,4,161,24,2594x1681,2,holdout_every=8,21.0536,1.3269,21.1637,0.49518,0.53882,0.55818,0.00517383,4314.6,5125.8,811.2,811.2,device_minus_baseline,148.196,117.65,1.983,33.74,22136.2,5792.4,264138.1,11.93,0.0076,24,8,12865536,12855296,FullyFusedMLP,False,ok,worker terminou sem concluir,2026-09-13T03:49:43,21.0536,grid original
garden_T19_F4_L16_s0,garden,grid,False,0,19,4,16,1.515717,262144,5000,garden,4,161,24,2594x1681,2,holdout_every=8,21.2771,1.4367,21.4752,0.52588,0.5617,0.52797,0.0048454,4844.6,5655.8,811.2,811.2,device_minus_baseline,267.301,139.09,2.123,18.71,25077.6,6841.1,263758.8,10.52,0.0062,24,8,26162112,26149824,FullyFusedMLP,False,ok,worker terminou sem concluir,2026-09-13T03:54:40,21.2771,grid original
garden_T19_F8_L4_s0,garden,grid,False,0,19,8,4,8.0,262144,5000,garden,4,161,24,2594x1681,2,holdout_every=8,19.2715,2.1763,19.9606,0.4207,0.48763,0.70008,0.00597451,4310.6,5121.8,811.2,811.2,device_minus_baseline,112.397,116.513,2.108,44.49,12549.2,3180.9,265262.4,21.14,0.0119,24,8,12625920,12615680,FullyFusedMLP,False,ok,worker terminou sem concluir,2026-09-13T04:02:16,19.2715,manter (reverificado na Etapa 1)
garden_T19_F8_L8_s0,garden,grid,False,0,19,8,8,2.438027,262144,5000,garden,4,161,24,2594x1681,2,holdout_every=8,21.1823,1.4364,21.3337,0.5148,0.55329,0.53705,0.00495569,4786.6,5597.8,811.2,811.2,device_minus_baseline,175.876,124.966,2.014,28.43,24278.2,6315.4,262817.3,10.83,0.0026,24,8,25722880,25710592,FullyFusedMLP,False,ok,worker terminou sem concluir,2026-09-13T04:06:33,21.1823,grid original
garden_T19_F8_L16_s0,garden,grid,False,0,19,8,16,1.515717,262144,5000,garden,4,161,24,2594x1681,2,holdout_every=8,21.4745,1.5023,21.6157,0.54248,0.57442,0.50817,0.00470563,5253.8,6067.3,813.5,419.3,device_minus_baseline,318.886,161.433,2.003,15.68,24539.4,6899.1,264086.1,10.76,0.0074,24,8,52316032,52299648,FullyFusedMLP,False,ok,worker terminou sem concluir,2026-09-13T04:12:12,21.4745,grid original
bonsai_T15_F2_L4_s0,bonsai,grid,False,0,15,2,4,10.079368,262144,5000,bonsai,8,255,37,1559x1039,2,holdout_every=8,22.5157,1.4175,22.3001,0.64077,0.71532,0.51531,0.00448931,3036.7,3361.3,324.6,324.6,device_minus_baseline,69.082,53.674,1.399,72.38,15401.8,3172.8,264521.6,17.17,0.0091,37,8,214016,204800,FullyFusedMLP,False,ok,worker terminou sem concluir,2026-09-13T04:21:09,22.5157,grid original
bonsai_T15_F2_L8_s0,bonsai,grid,False,0,15,2,8,2.6918,262144,5000,bonsai,8,255,37,1559x1039,2,holdout_every=8,24.7449,1.4064,24.3301,0.70873,0.76441,0.43206,0.00293987,3010.7,3335.3,324.6,324.6,device_minus_baseline,77.561,57.28,2.057,64.47,15678.7,4011.7,265029.5,16.9,0.011,37,8,476160,466944,FullyFusedMLP,False,ok,worker terminou sem concluir,2026-09-13T04:23:28,24.7449,grid original
bonsai_T15_F2_L16_s0,bonsai,grid,False,0,15,2,16,1.587401,262144,5000,bonsai,8,255,37,1559x1039,2,holdout_every=8,26.5554,1.6334,26.4315,0.77561,0.81318,0.33521,0.00205397,3116.7,3441.3,324.6,324.6,device_minus_baseline,104.453,62.361,1.88,47.87,17449.8,3803.6,263843.6,15.12,0.0065,37,8,971088,960848,FullyFusedMLP,False,ok,worker terminou sem concluir,2026-09-13T04:26:00,26.5554,grid original
bonsai_T15_F4_L4_s0,bonsai,grid,False,0,15,4,4,10.079368,262144,5000,bonsai,8,255,37,1559x1039,2,holdout_every=8,23.4306,1.3105,23.1216,0.67554,0.73937,0.48361,0.00372078,3042.7,3367.3,324.6,324.6,device_minus_baseline,72.483,54.99,1.61,68.98,15208.5,3333.4,265189.0,17.44,0.0116,37,8,418816,409600,FullyFusedMLP,False,ok,worker terminou sem concluir,2026-09-13T04:29:08,23.4306,grid original
bonsai_T15_F4_L8_s0,bonsai,grid,False,0,15,4,8,2.6918,262144,5000,bonsai,8,255,37,1559x1039,2,holdout_every=8,26.2309,1.5798,26.0554,0.76156,0.80248,0.35175,0.00220708,3079.6,3404.2,324.6,324.6,device_minus_baseline,87.515,58.367,1.817,57.13,17402.8,3724.4,264190.1,15.18,0.0078,37,8,944128,933888,FullyFusedMLP,False,ok,worker terminou sem concluir,2026-09-13T04:31:32,26.2309,grid original
bonsai_T15_F4_L16_s0,bonsai,grid,False,0,15,4,16,1.587401,262144,5000,bonsai,8,255,37,1559x1039,2,holdout_every=8,27.3648,1.6499,27.3035,0.80629,0.83527,0.30026,0.00173335,3378.6,3714.2,335.6,335.6,device_minus_baseline,128.894,69.76,1.729,38.79,16692.2,3480.6,263412.2,15.78,0.0048,37,8,1933984,1921696,FullyFusedMLP,False,ok,worker terminou sem concluir,2026-09-13T04:34:18,27.3648,grid original
bonsai_T15_F8_L4_s0,bonsai,grid,False,0,15,8,4,10.079368,262144,5000,bonsai,8,255,37,1559x1039,2,holdout_every=8,25.2728,1.6124,24.6965,0.72437,0.77507,0.39828,0.00265673,3132.6,3468.2,335.6,335.6,device_minus_baseline,81.447,54.552,1.375,61.39,17909.6,3314.9,264127.9,14.75,0.0076,37,8,829440,819200,FullyFusedMLP,False,ok,worker terminou sem concluir,2026-09-13T04:37:55,25.2728,grid original
bonsai_T15_F8_L8_s0,bonsai,grid,False,0,15,8,8,2.6918,262144,5000,bonsai,8,255,37,1559x1039,2,holdout_every=8,26.9469,1.7029,26.6943,0.78832,0.8217,0.31922,0.00191528,3402.6,3738.2,335.6,335.6,device_minus_baseline,109.108,62.931,1.385,45.83,16979.6,3346.8,263288.1,15.51,0.0044,37,8,1880064,1867776,FullyFusedMLP,False,ok,worker terminou sem concluir,2026-09-13T04:40:24,26.9469,grid original
bonsai_T15_F8_L16_s0,bonsai,grid,False,0,15,8,16,1.587401,262144,5000,bonsai,8,255,37,1559x1039,2,holdout_every=8,27.9675,1.7135,28.2057,0.83066,0.85312,0.2707,0.00153558,3964.6,4300.2,335.6,335.6,device_minus_baseline,190.092,81.316,1.729,26.3,15678.7,3080.5,263355.4,16.8,0.0046,37,8,3859776,3843392,FullyFusedMLP,False,ok,worker terminou sem concluir,2026-09-13T04:43:33,27.9675,grid original
bonsai_T17_F2_L4_s0,bonsai,grid,False,0,17,2,4,10.079368,262144,5000,bonsai,8,255,37,1559x1039,2,holdout_every=8,24.3272,1.4637,24.0921,0.69598,0.75562,0.42891,0.00321402,2956.6,3292.2,335.6,335.6,device_minus_baseline,70.852,55.337,1.89,70.57,14231.5,2984.1,264596.8,18.59,0.0094,37,8,803840,794624,FullyFusedMLP,False,ok,worker terminou sem concluir,2026-09-13T04:48:33,24.3272,grid original
bonsai_T17_F2_L8_s0,bonsai,grid,False,0,17,2,8,2.6918,262144,5000,bonsai,8,255,37,1559x1039,2,holdout_every=8,26.5029,1.5519,26.4274,0.78348,0.81912,0.31401,0.00207564,2904.6,3240.2,335.6,335.6,device_minus_baseline,87.44,57.371,1.38,57.18,15501.1,3235.3,264243.1,17.05,0.008,37,8,1760640,1751424,FullyFusedMLP,False,ok,worker terminou sem concluir,2026-09-13T04:50:53,26.5029,grid original
bonsai_T17_F2_L16_s0,bonsai,grid,False,0,17,2,16,1.587401,262144,5000,bonsai,8,255,37,1559x1039,2,holdout_every=8,27.9151,1.6948,28.2589,0.83775,0.85932,0.25354,0.00150825,3164.6,3500.2,335.6,335.6,device_minus_baseline,172.104,67.689,1.35,29.05,16248.2,3338.3,264040.4,16.25,0.0072,37,8,3599312,3589072,FullyFusedMLP,False,ok,worker terminou sem concluir,2026-09-13T04:53:31,27.9151,grid original
bonsai_T17_F4_L4_s0,bonsai,grid,False,0,17,4,4,10.079368,262144,5000,bonsai,8,255,37,1559x1039,2,holdout_every=8,25.5342,1.6595,24.9432,0.73646,0.78378,0.37553,0.00253459,3072.6,3408.2,335.6,335.6,device_minus_baseline,77.413,57.385,1.603,64.59,14858.4,3504.7,264473.7,17.8,0.0089,37,8,1598464,1589248,FullyFusedMLP,False,ok,worker terminou sem concluir,2026-09-13T04:57:56,25.5342,grid original
bonsai_T17_F4_L8_s0,bonsai,grid,False,0,17,4,8,2.6918,262144,5000,bonsai,8,255,37,1559x1039,2,holdout_every=8,27.7218,1.6826,27.8528,0.82822,0.85151,0.26595,0.00159415,3180.6,3516.2,335.6,335.6,device_minus_baseline,120.36,62.699,1.434,41.54,15720.5,3017.9,264529.9,16.83,0.0091,37,8,3513088,3502848,FullyFusedMLP,False,ok,worker terminou sem concluir,2026-09-13T05:00:25,27.7218,grid original
bonsai_T17_F4_L16_s0,bonsai,grid,False,0,17,4,16,1.587401,262144,5000,bonsai,8,255,37,1559x1039,2,holdout_every=8,28.7194,1.8712,29.1623,0.86198,0.8779,0.22872,0.00128068,3504.6,3840.2,335.6,335.6,device_minus_baseline,225.901,88.922,1.397,22.13,15558.5,3143.6,263345.4,16.93,0.0046,37,8,7190432,7178144,FullyFusedMLP,False,ok,worker terminou sem concluir,2026-09-13T05:03:48,28.7194,grid original
bonsai_T17_F8_L4_s0,bonsai,grid,False,0,17,8,4,10.079368,262144,5000,bonsai,8,255,37,1559x1039,2,holdout_every=8,26.5401,1.7719,26.3942,0.77588,0.81159,0.32097,0.0020658,3222.7,3672.9,450.2,450.2,device_minus_baseline,95.451,59.9,1.521,52.38,15772.7,2909.6,264295.8,16.76,0.0082,37,8,3188736,3178496,FullyFusedMLP,False,ok,worker terminou sem concluir,2026-09-13T05:09:34,26.5401,grid original
bonsai_T17_F8_L8_s0,bonsai,grid,False,0,17,8,8,2.6918,262144,5000,bonsai,8,255,37,1559x1039,2,holdout_every=8,28.2744,1.7909,28.5656,0.84711,0.86608,0.24444,0.00140627,3454.6,3924.9,470.3,470.3,device_minus_baseline,151.443,75.887,1.497,33.02,15532.4,2804.0,264162.3,17.01,0.0077,37,8,7017984,7005696,FullyFusedMLP,False,ok,worker terminou sem concluir,2026-09-13T05:12:24,28.2744,grid original
bonsai_T17_F8_L16_s0,bonsai,grid,False,0,17,8,16,1.587401,262144,5000,bonsai,8,255,37,1559x1039,2,holdout_every=8,28.9222,1.9065,29.382,0.8698,0.88392,0.21589,0.00122141,4232.6,4702.9,470.3,470.3,device_minus_baseline,288.528,108.251,1.374,17.33,15046.5,3059.5,264372.8,17.57,0.0085,37,8,14372672,14356288,FullyFusedMLP,False,ok,worker terminou sem concluir,2026-09-13T05:16:37,28.9222,grid original
bonsai_T19_F2_L4_s0,bonsai,grid,False,0,19,2,4,10.079368,262144,5000,bonsai,8,255,37,1559x1039,2,holdout_every=8,25.2233,1.4378,25.0066,0.73684,0.7848,0.36479,0.00265366,3052.6,3522.9,470.3,470.3,device_minus_baseline,89.236,58.279,1.396,56.03,14665.1,3292.2,264338.1,18.02,0.0084,37,8,3163136,3153920,FullyFusedMLP,False,ok,worker terminou sem concluir,2026-09-13T05:23:51,25.2233,grid original
bonsai_T19_F2_L8_s0,bonsai,grid,False,0,19,2,8,2.6918,262144,5000,bonsai,8,255,37,1559x1039,2,holdout_every=8,27.7058,1.6454,28.0162,0.83736,0.85931,0.24879,0.00158454,3108.6,3578.9,470.3,470.3,device_minus_baseline,127.124,66.392,1.679,39.33,14518.9,2850.7,265005.7,18.25,0.0109,37,8,6479232,6470016,FullyFusedMLP,False,ok,worker terminou sem concluir,2026-09-13T05:26:35,27.7058,grid original
bonsai_T19_F2_L16_s0,bonsai,grid,False,0,19,2,16,1.587401,262144,5000,bonsai,8,255,37,1559x1039,2,holdout_every=8,28.6833,1.9219,29.1296,0.87004,0.88507,0.21164,0.00127244,3292.6,3762.9,470.3,470.3,device_minus_baseline,246.906,93.8,1.706,20.25,15892.9,3731.3,264314.6,16.63,0.0083,37,8,13298640,13288400,FullyFusedMLP,False,ok,worker terminou sem concluir,2026-09-13T05:30:09,28.6833,grid original
bonsai_T19_F4_L4_s0,bonsai,grid,False,0,19,4,4,10.079368,262144,5000,bonsai,8,255,37,1559x1039,2,holdout_every=8,26.5165,1.6313,26.3755,0.78091,0.81488,0.305,0.00205991,3132.6,3602.9,470.3,470.3,device_minus_baseline,97.301,57.886,1.769,51.39,15657.8,2780.1,264328.3,16.88,0.0083,37,8,6317056,6307840,FullyFusedMLP,False,ok,worker terminou sem concluir,2026-09-13T05:36:21,26.5165,grid original
bonsai_T19_F4_L8_s0,bonsai,grid,False,0,19,4,8,2.6918,262144,5000,bonsai,8,255,37,1559x1039,2,holdout_every=8,28.5941,1.7674,29.0604,0.86447,0.88052,0.2201,0.0013196,3402.6,3872.9,470.3,470.3,device_minus_baseline,163.175,77.461,1.42,30.64,15736.2,3350.3,264049.1,16.78,0.0073,37,8,12950272,12940032,FullyFusedMLP,False,ok,worker terminou sem concluir,2026-09-13T05:39:13,28.5941,grid original
bonsai_T19_F4_L16_s0,bonsai,grid,False,0,19,4,16,1.587401,262144,5000,bonsai,8,255,37,1559x1039,2,holdout_every=8,29.3426,1.9861,29.8388,0.88497,0.89706,0.19613,0.00109972,3968.6,4438.9,470.3,470.3,device_minus_baseline,313.545,119.394,1.862,15.95,15877.2,2876.1,263605.6,16.6,0.0056,37,8,26589088,26576800,FullyFusedMLP,False,ok,worker terminou sem concluir,2026-09-13T05:43:22,29.3426,grid original
bonsai_T19_F8_L4_s0,bonsai,grid,False,0,19,8,4,10.079368,262144,5000,bonsai,8,255,37,1559x1039,2,holdout_every=8,27.0874,1.8468,27.0427,0.80293,0.83077,0.28746,0.00182208,3432.6,3902.9,470.3,470.3,device_minus_baseline,129.947,72.735,1.633,38.48,14414.4,2337.8,264338.1,18.34,0.0084,37,8,12625920,12615680,FullyFusedMLP,False,ok,worker terminou sem concluir,2026-09-13T05:50:37,27.0874,grid original
bonsai_T19_F8_L8_s0,bonsai,grid,False,0,19,8,8,2.6918,262144,5000,bonsai,8,255,37,1559x1039,2,holdout_every=8,29.1344,1.9192,29.5255,0.87761,0.89066,0.20239,0.00116979,3954.6,4424.9,470.3,470.3,device_minus_baseline,195.242,94.055,1.635,25.61,15010.0,2384.6,265150.7,17.66,0.0115,37,8,25892352,25880064,FullyFusedMLP,False,ok,worker terminou sem concluir,2026-09-13T05:54:02,29.1344,grid original
bonsai_T19_F8_L16_s0,bonsai,grid,False,0,19,8,16,1.587401,262144,5000,bonsai,8,255,37,1559x1039,2,holdout_every=8,29.5218,2.004,30.028,0.89011,0.90119,0.18881,0.00105947,5038.6,5508.9,470.3,470.3,device_minus_baseline,370.601,134.059,1.638,13.49,14748.7,2893.5,264281.3,17.92,0.0082,37,8,53169984,53153600,FullyFusedMLP,False,ok,worker terminou sem concluir,2026-09-13T05:58:54,29.5218,grid original
