experimento,cena,hiperparametro,de,para,n_pares,d_psnr_db,d_psnr_min,d_psnr_max,d_vram_mb,d_vram_min,d_vram_max,d_vram_pct_baseline,vram_baseline_mb,d_t_train_s
exp01,lego,T,15,19,9,2.462,0.807,4.226,327.8,48.0,1020.0,16.4,2000.6,34.3
exp01,lego,F,2,8,9,1.647,0.473,3.326,277.7,26.0,964.0,13.9,2000.6,50.3
exp01,lego,L,4,16,9,2.792,1.042,5.08,265.7,26.0,956.0,13.3,2000.6,103.1
exp01,chair,T,15,19,9,1.48,0.745,2.936,324.2,44.0,946.0,16.4,1982.6,30.4
exp01,chair,F,2,8,9,1.781,0.958,3.0,272.8,6.0,964.0,13.8,1982.6,50.9
exp01,chair,L,4,16,9,2.129,1.165,3.501,284.0,26.1,980.0,14.3,1982.6,111.4
exp02,garden,T,15,19,9,1.523,-1.002,6.156,291.3,2.3,619.4,6.7,4318.5,71.2
exp02,garden,F,2,8,9,2.599,0.319,6.083,516.3,106.8,941.4,12.0,4318.5,53.8
exp02,garden,L,4,16,9,2.898,0.552,4.929,532.1,132.4,949.2,12.3,4318.5,123.4
exp02,bonsai,T,15,19,9,2.312,1.554,3.086,368.3,15.9,1074.0,10.9,3375.7,88.6
exp02,bonsai,F,2,8,9,1.721,0.816,2.757,674.3,95.9,1645.3,20.0,3375.7,63.2
exp02,bonsai,L,4,16,9,3.174,2.382,4.04,631.2,80.0,1606.0,18.7,3375.7,139.7
