run_tag,T,F,L,n,psnr,psnr_amplitude,ssim,lpips,vram,t_train,na_fronteira,nao_dominado_mensuravel,procedencia
bonsai_T17_F2_L8,17,2,8,1,26.5029,0.0,0.78348,0.31401,2904.6,87.44,True,True,grid
bonsai_T17_F2_L4,17,2,4,1,24.3272,0.0,0.69598,0.42891,2956.6,70.852,False,False,grid
bonsai_T15_F2_L8,15,2,8,1,24.7449,0.0,0.70873,0.43206,3010.7,77.561,False,False,grid
bonsai_T15_F2_L4,15,2,4,1,22.5157,0.0,0.64077,0.51531,3036.7,69.082,False,False,grid
bonsai_T15_F4_L4,15,4,4,1,23.4306,0.0,0.67554,0.48361,3042.7,72.483,False,False,grid
bonsai_T19_F2_L4,19,2,4,1,25.2233,0.0,0.73684,0.36479,3052.6,89.236,False,False,grid
bonsai_T17_F4_L4,17,4,4,1,25.5342,0.0,0.73646,0.37553,3072.6,77.413,False,False,grid
bonsai_T15_F4_L8,15,4,8,1,26.2309,0.0,0.76156,0.35175,3079.6,87.515,False,False,grid
bonsai_T15_F2_L16,15,2,16,1,26.5554,0.0,0.77561,0.33521,3116.7,104.453,True,True,grid
bonsai_T19_F2_L8,19,2,8,4,27.68775,0.12630000000000052,0.8374550000000001,0.24798,3130.75,125.62875,True,True,grid+variancia
bonsai_T15_F8_L4,15,8,4,1,25.2728,0.0,0.72437,0.39828,3132.6,81.447,False,False,grid
bonsai_T19_F4_L4,19,4,4,1,26.5165,0.0,0.78091,0.305,3132.6,97.301,False,False,grid
bonsai_T17_F2_L16,17,2,16,1,27.9151,0.0,0.83775,0.25354,3164.6,172.104,True,True,grid
bonsai_T17_F4_L8,17,4,8,4,27.7021,0.11339999999999861,0.82863,0.2662875,3187.8,114.96525,False,True,grid+variancia
bonsai_T17_F8_L4,17,8,4,1,26.5401,0.0,0.77588,0.32097,3222.7,95.451,False,False,grid
bonsai_T19_F4_L8,19,4,8,6,28.617,0.197499999999998,0.8649399999999999,0.2177916666666667,3375.6666666666665,150.1715,True,True,baseline-avulso+grid+grid-baseline+variancia
bonsai_T15_F4_L16,15,4,16,1,27.3648,0.0,0.80629,0.30026,3378.6,128.894,False,False,grid
bonsai_T19_F2_L16,19,2,16,4,28.706,0.0409000000000006,0.87035,0.2109625,3393.3,246.37675000000002,True,True,grid+variancia
bonsai_T15_F8_L8,15,8,8,1,26.9469,0.0,0.78832,0.31922,3402.6,109.108,False,False,grid
bonsai_T19_F8_L4,19,8,4,1,27.0874,0.0,0.80293,0.28746,3432.6,129.947,False,False,grid
bonsai_T17_F8_L8,17,8,8,1,28.2744,0.0,0.84711,0.24444,3454.6,151.443,False,False,grid
bonsai_T17_F4_L16,17,4,16,1,28.7194,0.0,0.86198,0.22872,3504.6,225.901,True,True,grid
bonsai_T19_F8_L8,19,8,8,1,29.1344,0.0,0.87761,0.20239,3954.6,195.242,True,True,grid
bonsai_T15_F8_L16,15,8,16,1,27.9675,0.0,0.83066,0.2707,3964.6,190.092,False,False,grid
bonsai_T19_F4_L16,19,4,16,1,29.3426,0.0,0.88497,0.19613,3968.6,313.545,True,True,grid
bonsai_T17_F8_L16,17,8,16,1,28.9222,0.0,0.8698,0.21589,4232.6,288.528,False,False,grid
bonsai_T19_F8_L16,19,8,16,1,29.5218,0.0,0.89011,0.18881,5038.6,370.601,True,True,grid
