cena,limiar_db,n_patamares,patamares,padrao_e_patamar,joelho,candidatos,sweet_spot,substituto_do_padrao
garden,0.15,3,T17 F4 L8 | T19 F8 L8 | T19 F8 L16,False,T19 F2 L8,T19 F4 L4 | T19 F2 L8 | T17 F4 L8,T19 F4 L4,T17 F4 L8
garden,0.16,3,T17 F4 L8 | T19 F8 L8 | T19 F8 L16,False,T19 F2 L8,T19 F4 L4 | T19 F2 L8 | T17 F4 L8,T19 F4 L4,T19 F2 L8
garden,0.17,3,T17 F4 L8 | T19 F8 L8 | T19 F8 L16,False,T19 F2 L8,T19 F4 L4 | T19 F2 L8 | T17 F4 L8,T19 F4 L4,T19 F2 L8
garden,0.18,3,T17 F4 L8 | T19 F8 L8 | T19 F8 L16,False,T19 F2 L8,T19 F4 L4 | T19 F2 L8 | T17 F4 L8,T19 F4 L4,T19 F2 L8
garden,0.19,4,T19 F4 L4 | T19 F4 L8 | T19 F4 L16 | T19 F8 L16,True,T19 F2 L8,T19 F4 L4 | T19 F2 L8 | T17 F4 L8,T19 F4 L4,T19 F2 L8
garden,0.2,3,T19 F4 L4 | T19 F4 L8 | T19 F4 L16,True,T19 F2 L8,T19 F4 L4 | T19 F2 L8 | T17 F4 L8,T19 F4 L4,T19 F2 L8
garden,0.21,3,T19 F4 L4 | T19 F4 L8 | T19 F4 L16,True,T19 F2 L8,T19 F4 L4 | T19 F2 L8 | T17 F4 L8,T19 F4 L4,T19 F2 L8
garden,0.22,3,T19 F4 L4 | T19 F4 L8 | T19 F4 L16,True,T19 F2 L8,T19 F4 L4 | T19 F2 L8 | T17 F4 L8,T19 F4 L4,T19 F2 L8
garden,0.23,3,T19 F4 L4 | T19 F4 L8 | T19 F4 L16,True,T19 F2 L8,T19 F4 L4 | T19 F2 L8 | T17 F4 L8,T19 F4 L4,T19 F2 L8
garden,0.24,3,T19 F4 L4 | T19 F4 L8 | T19 F4 L16,True,T19 F2 L8,T19 F4 L4 | T19 F2 L8 | T17 F4 L8,T19 F4 L4,T19 F2 L8
garden,0.244,3,T19 F4 L4 | T19 F4 L8 | T19 F4 L16,True,T19 F2 L8,T19 F4 L4 | T19 F2 L8 | T17 F4 L8,T19 F4 L4,T19 F2 L8
garden,0.25,3,T19 F4 L4 | T19 F4 L8 | T19 F4 L16,True,T19 F2 L8,T19 F4 L4 | T19 F2 L8 | T17 F4 L8,T19 F4 L4,T19 F2 L8
garden,0.26,3,T19 F4 L4 | T19 F4 L8 | T19 F4 L16,True,T19 F2 L8,T19 F4 L4 | T19 F2 L8 | T17 F4 L8,T19 F4 L4,T19 F2 L8
garden,0.27,3,T19 F4 L4 | T19 F4 L8 | T19 F8 L16,True,T19 F2 L8,T19 F4 L4 | T19 F2 L8 | T17 F4 L8,T19 F4 L4,T19 F2 L8
garden,0.28,3,T19 F4 L4 | T19 F4 L8 | T19 F8 L16,True,T19 F2 L8,T19 F4 L4 | T19 F2 L8 | T17 F4 L8,T19 F4 L4,T19 F2 L8
garden,0.29,3,T19 F4 L4 | T19 F8 L8 | T19 F8 L16,False,T19 F2 L8,T19 F4 L4 | T19 F2 L8 | T17 F4 L8,T19 F4 L4,T19 F4 L4
garden,0.3,2,T19 F4 L4 | T19 F8 L8,False,T19 F2 L8,T19 F4 L4 | T19 F2 L8 | T17 F4 L8,T19 F4 L4,T19 F4 L4
garden,0.31,2,T19 F4 L4 | T19 F8 L8,False,T19 F2 L8,T19 F4 L4 | T19 F2 L8 | T17 F4 L8,T19 F4 L4,T19 F4 L4
garden,0.32,2,T19 F4 L4 | T19 F8 L8,False,T19 F2 L8,T19 F4 L4 | T19 F2 L8 | T17 F4 L8,T19 F4 L4,T19 F4 L4
garden,0.33,2,T19 F4 L4 | T19 F8 L8,False,T19 F2 L8,T19 F4 L4 | T19 F2 L8 | T17 F4 L8,T19 F4 L4,T19 F4 L4
garden,0.34,2,T19 F4 L4 | T19 F8 L8,False,T19 F2 L8,T19 F4 L4 | T19 F2 L8 | T17 F4 L8,T19 F4 L4,T19 F4 L4
garden,0.341,2,T19 F4 L4 | T19 F8 L8,False,T19 F2 L8,T19 F4 L4 | T19 F2 L8 | T17 F4 L8,T19 F4 L4,T19 F4 L4
garden,0.35,2,T19 F4 L4 | T19 F8 L8,False,T19 F2 L8,T19 F4 L4 | T19 F2 L8 | T17 F4 L8,T19 F4 L4,T19 F4 L4
garden,0.36,2,T19 F2 L8 | T19 F4 L16,False,T19 F2 L8,T19 F4 L4 | T19 F2 L8 | T17 F4 L8,T19 F4 L4,T19 F4 L4
garden,0.37,2,T19 F2 L8 | T19 F4 L16,False,T19 F2 L8,T19 F4 L4 | T19 F2 L8 | T17 F4 L8,T19 F4 L4,T19 F4 L4
garden,0.38,2,T19 F2 L8 | T19 F4 L16,False,T19 F2 L8,T19 F4 L4 | T19 F2 L8 | T17 F4 L8,T19 F4 L4,T19 F4 L4
garden,0.39,2,T19 F2 L8 | T19 F4 L16,False,T19 F2 L8,T19 F4 L4 | T19 F2 L8 | T17 F4 L8,T19 F4 L4,T19 F4 L4
garden,0.4,2,T19 F2 L8 | T19 F4 L16,False,T19 F2 L8,T19 F4 L4 | T19 F2 L8 | T17 F4 L8,T19 F4 L4,T19 F4 L4
garden,0.41,2,T19 F2 L8 | T19 F4 L16,False,T19 F2 L8,T19 F4 L4 | T19 F2 L8 | T17 F4 L8,T19 F4 L4,T19 F4 L4
garden,0.42,2,T19 F2 L8 | T19 F8 L16,False,T19 F2 L8,T19 F4 L4 | T19 F2 L8 | T17 F4 L8,T19 F4 L4,T19 F4 L4
garden,0.43,2,T19 F2 L8 | T19 F8 L16,False,T19 F2 L8,T19 F4 L4 | T19 F2 L8 | T17 F4 L8,T19 F4 L4,T19 F4 L4
garden,0.44,2,T19 F2 L8 | T19 F8 L16,False,T19 F2 L8,T19 F4 L4 | T19 F2 L8 | T17 F4 L8,T19 F4 L4,T19 F4 L4
garden,0.45,2,T19 F2 L8 | T19 F8 L16,False,T19 F2 L8,T19 F4 L4 | T19 F2 L8 | T17 F4 L8,T19 F4 L4,T19 F4 L4
garden,0.46,2,T19 F2 L8 | T19 F8 L16,False,T19 F2 L8,T19 F4 L4 | T19 F2 L8 | T17 F4 L8,T19 F4 L4,T19 F4 L4
garden,0.47,2,T19 F2 L8 | T19 F8 L16,False,T19 F2 L8,T19 F4 L4 | T19 F2 L8 | T17 F4 L8,T19 F4 L4,T19 F4 L4
garden,0.48,2,T19 F2 L8 | T19 F8 L16,False,T19 F2 L8,T19 F4 L4 | T19 F2 L8 | T17 F4 L8,T19 F4 L4,T19 F4 L4
garden,0.49,2,T19 F2 L8 | T19 F8 L16,False,T19 F2 L8,T19 F4 L4 | T19 F2 L8 | T17 F4 L8,T19 F4 L4,T19 F4 L4
garden,0.5,2,T17 F4 L8 | T19 F8 L16,False,T19 F2 L8,T15 F8 L4 | T19 F4 L4 | T19 F2 L8 | T17 F4 L8,T15 F8 L4,T19 F4 L4
bonsai,0.15,5,T17 F2 L8 | T17 F2 L16 | T19 F4 L8 | T19 F4 L16 | T19 F8 L16,True,T19 F2 L16,T19 F4 L8 | T19 F2 L16 | T17 F4 L16,T19 F4 L8,
bonsai,0.16,5,T17 F2 L8 | T17 F2 L16 | T19 F4 L8 | T19 F4 L16 | T19 F8 L16,True,T19 F2 L16,T19 F4 L8 | T19 F2 L16 | T17 F4 L16,T19 F4 L8,
bonsai,0.17,5,T17 F2 L8 | T17 F2 L16 | T19 F4 L8 | T19 F4 L16 | T19 F8 L16,True,T19 F2 L16,T19 F4 L8 | T19 F2 L16 | T17 F4 L16,T19 F4 L8,
bonsai,0.18,4,T17 F2 L8 | T17 F2 L16 | T19 F4 L8 | T19 F4 L16,True,T19 F2 L16,T19 F4 L8 | T19 F2 L16 | T17 F4 L16,T19 F4 L8,
bonsai,0.19,4,T17 F2 L8 | T17 F2 L16 | T19 F4 L8 | T19 F4 L16,True,T19 F2 L16,T19 F4 L8 | T19 F2 L16 | T17 F4 L16,T19 F4 L8,
bonsai,0.2,4,T17 F2 L8 | T17 F2 L16 | T19 F4 L8 | T19 F4 L16,True,T19 F2 L16,T19 F4 L8 | T19 F2 L16 | T17 F4 L16,T19 F4 L8,
bonsai,0.21,5,T17 F2 L8 | T17 F2 L16 | T19 F4 L8 | T19 F8 L8 | T19 F8 L16,True,T19 F2 L16,T19 F4 L8 | T19 F2 L16 | T17 F4 L16,T19 F4 L8,
bonsai,0.22,5,T17 F2 L8 | T17 F2 L16 | T19 F4 L8 | T19 F8 L8 | T19 F8 L16,True,T19 F2 L16,T19 F4 L8 | T19 F2 L16 | T17 F4 L16,T19 F4 L8,
bonsai,0.23,5,T17 F2 L8 | T19 F2 L8 | T19 F4 L8 | T19 F8 L8 | T19 F8 L16,True,T19 F2 L16,T19 F4 L8 | T19 F2 L16 | T17 F4 L16,T19 F4 L8,
bonsai,0.24,5,T17 F2 L8 | T19 F2 L8 | T19 F4 L8 | T19 F8 L8 | T19 F8 L16,True,T19 F2 L16,T19 F4 L8 | T19 F2 L16 | T17 F4 L16,T19 F4 L8,
bonsai,0.244,5,T17 F2 L8 | T19 F2 L8 | T19 F4 L8 | T19 F8 L8 | T19 F8 L16,True,T19 F2 L16,T19 F4 L8 | T19 F2 L16 | T17 F4 L16,T19 F4 L8,
bonsai,0.25,5,T17 F2 L8 | T19 F2 L8 | T19 F4 L8 | T19 F8 L8 | T19 F8 L16,True,T19 F2 L16,T19 F4 L8 | T19 F2 L16 | T17 F4 L16,T19 F4 L8,
bonsai,0.26,5,T17 F2 L8 | T19 F2 L8 | T19 F4 L8 | T19 F8 L8 | T19 F8 L16,True,T19 F2 L16,T19 F4 L8 | T19 F2 L16 | T17 F4 L16,T19 F4 L8,
bonsai,0.27,5,T17 F2 L8 | T19 F2 L8 | T19 F4 L8 | T19 F8 L8 | T19 F8 L16,True,T19 F2 L16,T19 F4 L8 | T19 F2 L16 | T17 F4 L16,T19 F4 L8,
bonsai,0.28,5,T17 F2 L8 | T19 F2 L8 | T19 F4 L8 | T19 F8 L8 | T19 F8 L16,True,T19 F2 L16,T19 F4 L8 | T19 F2 L16 | T17 F4 L16,T19 F4 L8,
bonsai,0.29,5,T17 F2 L8 | T19 F2 L8 | T19 F4 L8 | T19 F8 L8 | T19 F8 L16,True,T19 F2 L16,T19 F4 L8 | T19 F2 L16 | T17 F4 L16,T19 F4 L8,
bonsai,0.3,5,T17 F2 L8 | T19 F2 L8 | T19 F4 L8 | T19 F8 L8 | T19 F8 L16,True,T19 F2 L16,T19 F4 L8 | T19 F2 L16 | T17 F4 L16,T19 F4 L8,
bonsai,0.31,5,T17 F2 L8 | T19 F2 L8 | T19 F4 L8 | T19 F8 L8 | T19 F8 L16,True,T19 F2 L16,T19 F4 L8 | T19 F2 L16 | T17 F4 L16,T19 F4 L8,
bonsai,0.32,5,T17 F2 L8 | T19 F2 L8 | T19 F4 L8 | T19 F8 L8 | T19 F8 L16,True,T19 F2 L16,T19 F4 L8 | T19 F2 L16 | T17 F4 L16,T19 F4 L8,
bonsai,0.33,5,T17 F2 L8 | T19 F2 L8 | T19 F4 L8 | T19 F8 L8 | T19 F8 L16,True,T19 F2 L16,T19 F4 L8 | T19 F2 L16 | T17 F4 L16,T19 F4 L8,
bonsai,0.34,5,T17 F2 L8 | T19 F2 L8 | T19 F4 L8 | T19 F8 L8 | T19 F8 L16,True,T19 F2 L16,T19 F4 L8 | T19 F2 L16 | T17 F4 L16,T19 F4 L8,
bonsai,0.341,5,T17 F2 L8 | T19 F2 L8 | T19 F4 L8 | T19 F8 L8 | T19 F8 L16,True,T19 F2 L16,T19 F4 L8 | T19 F2 L16 | T17 F4 L16,T19 F4 L8,
bonsai,0.35,5,T17 F2 L8 | T19 F2 L8 | T19 F4 L8 | T19 F8 L8 | T19 F8 L16,True,T19 F2 L16,T19 F4 L8 | T19 F2 L16 | T17 F4 L16,T19 F4 L8,
bonsai,0.36,5,T17 F2 L8 | T19 F2 L8 | T19 F4 L8 | T19 F8 L8 | T19 F8 L16,True,T19 F2 L16,T19 F4 L8 | T19 F2 L16 | T17 F4 L16,T19 F4 L8,
bonsai,0.37,5,T17 F2 L8 | T19 F2 L8 | T19 F4 L8 | T19 F8 L8 | T19 F8 L16,True,T19 F2 L16,T19 F4 L8 | T19 F2 L16 | T17 F4 L16,T19 F4 L8,
bonsai,0.38,5,T17 F2 L8 | T19 F2 L8 | T19 F4 L8 | T19 F8 L8 | T19 F8 L16,True,T19 F2 L16,T19 F4 L8 | T19 F2 L16 | T17 F4 L16,T19 F4 L8,
bonsai,0.39,4,T17 F2 L8 | T19 F2 L8 | T19 F4 L8 | T19 F8 L8,True,T19 F2 L16,T19 F4 L8 | T19 F2 L16 | T17 F4 L16,T19 F4 L8,
bonsai,0.4,4,T17 F2 L8 | T19 F2 L8 | T19 F4 L8 | T19 F8 L8,True,T19 F2 L16,T19 F4 L8 | T19 F2 L16 | T17 F4 L16,T19 F4 L8,
bonsai,0.41,4,T17 F2 L8 | T19 F2 L8 | T19 F4 L8 | T19 F8 L8,True,T19 F2 L16,T19 F4 L8 | T19 F2 L16 | T17 F4 L16,T19 F4 L8,
bonsai,0.42,4,T17 F2 L8 | T19 F2 L8 | T19 F4 L8 | T19 F8 L8,True,T19 F2 L16,T19 F4 L8 | T19 F2 L16 | T17 F4 L16,T19 F4 L8,
bonsai,0.43,4,T17 F2 L8 | T19 F2 L8 | T19 F4 L8 | T19 F8 L8,True,T19 F2 L16,T19 F4 L8 | T19 F2 L16 | T17 F4 L16,T19 F4 L8,
bonsai,0.44,4,T17 F2 L8 | T19 F2 L8 | T19 F4 L8 | T19 F8 L8,True,T19 F2 L16,T19 F4 L8 | T19 F2 L16 | T17 F4 L16,T19 F4 L8,
bonsai,0.45,4,T17 F2 L8 | T19 F2 L8 | T19 F4 L8 | T19 F8 L8,True,T19 F2 L16,T19 F4 L8 | T19 F2 L16 | T17 F4 L16,T19 F4 L8,
bonsai,0.46,4,T17 F2 L8 | T19 F2 L8 | T19 F4 L8 | T19 F8 L8,True,T19 F2 L16,T19 F4 L8 | T19 F2 L16 | T17 F4 L16,T19 F4 L8,
bonsai,0.47,4,T17 F2 L8 | T19 F2 L8 | T19 F4 L8 | T19 F8 L8,True,T19 F2 L16,T19 F4 L8 | T19 F2 L16 | T17 F4 L16,T19 F4 L8,
bonsai,0.48,4,T17 F2 L8 | T19 F2 L8 | T19 F4 L8 | T19 F8 L8,True,T19 F2 L16,T19 F4 L8 | T19 F2 L16 | T17 F4 L16,T19 F4 L8,
bonsai,0.49,4,T17 F2 L8 | T19 F2 L8 | T19 F4 L8 | T19 F8 L8,True,T19 F2 L16,T19 F4 L8 | T19 F2 L16 | T17 F4 L16,T19 F4 L8,
bonsai,0.5,4,T17 F2 L8 | T19 F2 L8 | T19 F4 L8 | T19 F8 L8,True,T19 F2 L16,T19 F4 L8 | T19 F2 L16 | T17 F4 L16,T19 F4 L8,
