scene,config,n,psnr,vram,t_train,na_fronteira,dist_joelho,joelho,candidato,sweet_spot,padrao
garden,T15 F2 L8,3,14.7074,3907.1,79.1,True,0.0,False,False,False,False
garden,T15 F4 L4,1,15.979,3918.7,73.1,True,0.1268,False,False,False,False
garden,T15 F2 L4,1,16.2165,3928.3,72.4,True,0.1465,False,False,False,False
garden,T17 F2 L4,1,15.8632,3928.6,72.5,False,,False,False,False,False
garden,T19 F2 L4,1,17.8027,3930.6,90.0,True,0.3111,False,False,False,False
garden,T17 F2 L8,1,15.544,3950.6,92.1,False,,False,False,False,False
garden,T17 F4 L4,1,15.9885,3950.6,82.4,False,,False,False,False,False
garden,T15 F8 L4,4,20.3732,4035.1,72.5,True,0.5248,False,False,False,False
garden,T19 F4 L4,4,20.7249,4040.1,91.7,True,0.5589,False,True,True,False
garden,T19 F2 L8,1,20.8633,4050.6,123.0,True,0.5679,True,True,False,False
garden,T15 F4 L8,1,20.4941,4058.7,88.9,False,,False,False,False,False
garden,T15 F2 L16,1,20.569,4060.7,108.0,False,,False,False,False,False
garden,T17 F8 L4,1,20.1809,4094.7,107.5,False,,False,False,False,False
garden,T17 F2 L16,1,20.6501,4114.6,157.0,False,,False,False,False,False
garden,T17 F4 L8,1,20.906,4116.6,111.8,True,0.5377,False,True,False,False
garden,T19 F8 L4,3,19.3708,4304.6,115.4,False,,False,False,False,False
garden,T19 F2 L16,4,20.8057,4312.4,231.4,False,,False,False,False,False
garden,T19 F4 L8,5,21.0146,4318.5,146.4,True,0.443,False,False,False,True
garden,T15 F4 L16,1,20.7406,4338.7,132.0,False,,False,False,False,False
garden,T15 F8 L8,1,20.7909,4338.7,107.3,False,,False,False,False,False
garden,T17 F4 L16,1,20.917,4425.1,213.4,False,,False,False,False,False
garden,T17 F8 L8,1,20.8913,4446.6,151.8,False,,False,False,False,False
garden,T15 F8 L16,1,20.9408,4634.4,186.0,False,,False,False,False,False
garden,T19 F8 L8,1,21.1823,4786.6,175.9,True,0.2148,False,False,False,False
garden,T19 F4 L16,1,21.2771,4844.6,267.3,True,0.1942,False,False,False,False
garden,T17 F8 L16,1,21.2091,4935.5,274.2,False,,False,False,False,False
garden,T19 F8 L16,1,21.4745,5253.8,318.9,True,0.0,False,False,False,False
bonsai,T17 F2 L8,1,26.5029,2904.6,87.4,True,0.0,False,False,False,False
bonsai,T17 F2 L4,1,24.3272,2956.6,70.9,False,,False,False,False,False
bonsai,T15 F2 L8,1,24.7449,3010.7,77.6,False,,False,False,False,False
bonsai,T15 F2 L4,1,22.5157,3036.7,69.1,False,,False,False,False,False
bonsai,T15 F4 L4,1,23.4306,3042.7,72.5,False,,False,False,False,False
bonsai,T19 F2 L4,1,25.2233,3052.6,89.2,False,,False,False,False,False
bonsai,T17 F4 L4,1,25.5342,3072.6,77.4,False,,False,False,False,False
bonsai,T15 F4 L8,1,26.2309,3079.6,87.5,False,,False,False,False,False
bonsai,T15 F2 L16,1,26.5554,3116.7,104.5,True,-0.058,False,False,False,False
bonsai,T19 F2 L8,4,27.6878,3130.8,125.6,True,0.2026,False,False,False,False
bonsai,T15 F8 L4,1,25.2728,3132.6,81.4,False,,False,False,False,False
bonsai,T19 F4 L4,1,26.5165,3132.6,97.3,False,,False,False,False,False
bonsai,T17 F2 L16,1,27.9151,3164.6,172.1,True,0.2446,False,False,False,False
bonsai,T17 F4 L8,4,27.7021,3187.8,115.0,False,,False,False,False,False
bonsai,T17 F8 L4,1,26.5401,3222.7,95.5,False,,False,False,False,False
bonsai,T19 F4 L8,6,28.617,3375.7,150.2,True,0.3391,False,True,True,True
bonsai,T15 F4 L16,1,27.3648,3378.6,128.9,False,,False,False,False,False
bonsai,T19 F2 L16,4,28.706,3393.3,246.4,True,0.3541,True,True,False,False
bonsai,T15 F8 L8,1,26.9469,3402.6,109.1,False,,False,False,False,False
bonsai,T19 F8 L4,1,27.0874,3432.6,129.9,False,,False,False,False,False
bonsai,T17 F8 L8,1,28.2744,3454.6,151.4,False,,False,False,False,False
bonsai,T17 F4 L16,1,28.7194,3504.6,225.9,True,0.3204,False,True,False,False
bonsai,T19 F8 L8,1,29.1344,3954.6,195.2,True,0.2684,False,False,False,False
bonsai,T15 F8 L16,1,27.9675,3964.6,190.1,False,,False,False,False,False
bonsai,T19 F4 L16,1,29.3426,3968.6,313.5,True,0.3126,False,False,False,False
bonsai,T17 F8 L16,1,28.9222,4232.6,288.5,False,,False,False,False,False
bonsai,T19 F8 L16,1,29.5218,5038.6,370.6,True,0.0,False,False,False,False
