step,psnr_mean,psnr_median,train_elapsed_s,ssim_mean
2000,20.7683,21.0545,70.44,0.45765
4000,20.9468,21.2282,132.97,0.48545
6000,21.0294,21.3215,197.1,0.49826
8000,21.0739,21.3526,261.22,0.50586
10000,21.0993,21.3489,326.25,0.51168
12000,21.1049,21.3802,390.36,0.51563
14000,21.1138,21.3952,453.09,0.51863
16000,21.1321,21.4002,515.06,0.5216
18000,21.1328,21.4121,577.21,0.52329
20000,21.1464,21.43,639.42,0.52501
22000,21.171,21.4383,701.61,0.53103
24000,21.1878,21.4526,763.86,0.53289
26000,21.1835,21.4317,826.16,0.5341
28000,21.1853,21.4517,888.84,0.53489
30000,21.1857,21.4423,953.86,0.53569
