scene,config,rep,T,F,L,per_level_scale,seed,status,psnr,psnr_median,psnr_std,ssim,ssim_ngp,lpips,vram_peak_mb,vram_baseline_mb,vram_peak_device_mb,vram_livre_mb,baseline_amostras_media,baseline_amostras_desvio,baseline_alta,n_params,n_encoding_params,n_train_images,n_test_images,image_resolution,aabb_scale,downsample_factor,test_split_rule,n_steps,batch_size,nerf_compatibility,steps_per_s,t_train_s,t_eval_s,t_total_s,timestamp,error
garden,base_json,1,,,,2.438027,0,ok,20.9647,21.0957,1.46,0.49338,0.53749,0.55962,4329.0,825.1,5154.1,989.9,816.3,4.2,False,12865536,12855296,161,24,2594x1681,4,2,holdout_every=8,5000,262144,False,33.45,149.463,90.891,245.0,2026-09-13T12:54:09,
garden,base_json,2,,,,2.438027,0,ok,19.1503,19.6529,2.2011,0.43728,0.49835,0.6622,4305.2,834.4,5139.6,1004.4,834.4,0.0,False,12865536,12855296,161,24,2594x1681,4,2,holdout_every=8,5000,262144,False,32.88,152.071,102.658,257.7,2026-09-13T12:58:35,
garden,base_json,3,,,,2.438027,0,ok,21.0306,21.2281,1.3966,0.49614,0.53945,0.5577,4314.6,824.1,5138.7,1005.3,824.1,0.0,False,12865536,12855296,161,24,2594x1681,4,2,holdout_every=8,5000,262144,False,34.18,146.271,89.981,240.8,2026-09-13T13:03:12,
garden,padrao_artigo,1,19,2,16,1.515717,0,ok,20.7584,20.8448,1.5647,0.49405,0.53824,0.56585,4314.6,824.1,5138.7,1005.3,824.1,0.0,False,13085152,13074912,161,24,2594x1681,4,2,holdout_every=8,5000,262144,False,21.64,231.032,103.06,338.1,2026-09-13T13:07:34,
garden,padrao_artigo,2,19,2,16,1.515717,0,ok,20.8008,21.0823,1.5131,0.49775,0.54084,0.55796,4249.4,824.1,5073.5,1070.5,824.1,0.0,False,13085152,13074912,161,24,2594x1681,4,2,holdout_every=8,5000,262144,False,21.73,230.097,102.392,336.2,2026-09-13T13:13:39,
garden,padrao_artigo,3,19,2,16,1.515717,0,ok,21.0023,21.2044,1.4332,0.49963,0.54246,0.55565,4371.0,808.3,5179.3,964.7,808.3,0.0,False,13085152,13074912,161,24,2594x1681,4,2,holdout_every=8,5000,262144,False,21.62,231.22,104.849,340.0,2026-09-13T13:19:41,
garden,candidata,1,15,8,4,8.0,0,ok,20.4068,20.7063,1.1014,0.39878,0.47683,0.71955,4054.3,863.8,4918.1,1225.9,863.8,0.0,False,829440,819200,161,24,2594x1681,4,2,holdout_every=8,5000,262144,False,69.8,71.638,85.884,160.7,2026-09-13T13:25:47,
garden,candidata,2,15,8,4,8.0,0,ok,20.3367,20.6568,1.0686,0.39642,0.4752,0.72883,4040.6,859.5,4900.1,1243.9,859.5,0.0,False,829440,819200,161,24,2594x1681,4,2,holdout_every=8,5000,262144,False,67.67,73.89,82.288,159.0,2026-09-13T13:28:44,
garden,candidata,3,15,8,4,8.0,0,ok,20.4128,20.6393,1.0783,0.39807,0.47642,0.72743,4058.7,856.6,4915.3,1228.7,856.6,0.0,False,829440,819200,161,24,2594x1681,4,2,holdout_every=8,5000,262144,False,73.15,68.352,80.973,152.4,2026-09-13T13:31:39,
garden,vizinha,1,19,4,4,8.0,0,ok,20.6709,21.014,1.2414,0.44852,0.50675,0.62288,4052.7,856.6,4909.3,1234.7,856.6,0.0,False,6317056,6307840,161,24,2594x1681,4,2,holdout_every=8,5000,262144,False,55.42,90.222,89.838,182.8,2026-09-13T13:34:28,
garden,vizinha,2,19,4,4,8.0,0,ok,20.6945,21.0186,1.2406,0.44985,0.50755,0.62342,4042.4,845.1,4887.5,1256.5,845.1,0.0,False,6317056,6307840,161,24,2594x1681,4,2,holdout_every=8,5000,262144,False,54.46,91.817,81.214,175.8,2026-09-13T13:37:49,
garden,vizinha,3,19,4,4,8.0,0,ok,20.8576,21.1317,1.2624,0.45271,0.50949,0.61511,4014.7,834.8,4849.5,1294.5,834.8,0.0,False,6317056,6307840,161,24,2594x1681,4,2,holdout_every=8,5000,262144,False,54.92,91.038,79.189,172.9,2026-09-13T13:41:03,
bonsai,base_json,1,,,,2.6918,0,ok,28.6831,29.2699,1.8314,0.86568,0.88121,0.21838,3346.7,834.8,4181.5,1962.5,834.8,0.0,False,12950272,12940032,255,37,1559x1039,8,2,holdout_every=8,5000,262144,False,32.98,151.608,55.447,209.1,2026-09-13T13:44:12,
bonsai,base_json,2,,,,2.6918,0,ok,28.6655,29.1248,1.855,0.86527,0.88078,0.21686,3338.7,834.8,4173.5,1970.5,834.8,0.0,False,12950272,12940032,255,37,1559x1039,8,2,holdout_every=8,5000,262144,False,33.62,148.733,58.474,209.3,2026-09-13T13:48:01,
bonsai,base_json,3,,,,2.6918,0,ok,28.4856,29.0599,1.8578,0.86398,0.88022,0.21819,3433.9,842.8,4276.7,1867.3,842.8,0.0,False,12950272,12940032,255,37,1559x1039,8,2,holdout_every=8,5000,262144,False,34.05,146.823,58.234,207.2,2026-09-13T13:51:51,
bonsai,padrao_artigo,1,19,2,16,1.587401,0,ok,28.7151,29.2298,1.8482,0.87037,0.88527,0.20952,3373.2,838.0,4211.2,1932.8,838.0,0.0,False,13298640,13288400,255,37,1559x1039,8,2,holdout_every=8,5000,262144,False,20.43,244.766,77.025,323.9,2026-09-13T13:55:37,
bonsai,padrao_artigo,2,19,2,16,1.587401,0,ok,28.7014,29.1338,1.8692,0.87008,0.88503,0.21295,3436.3,825.6,4261.9,1882.1,825.6,0.0,False,13298640,13288400,255,37,1559x1039,8,2,holdout_every=8,5000,262144,False,20.26,246.751,79.003,327.8,2026-09-13T14:01:31,
bonsai,padrao_artigo,3,19,2,16,1.587401,0,ok,28.7242,29.276,1.9174,0.87091,0.88568,0.20974,3471.1,817.3,4288.4,1855.6,817.3,0.0,False,13298640,13288400,255,37,1559x1039,8,2,holdout_every=8,5000,262144,False,20.24,247.084,77.053,326.2,2026-09-13T14:07:26,
bonsai,candidata,1,19,2,8,2.6918,0,ok,27.7035,28.194,1.6762,0.83882,0.86034,0.24553,3095.8,868.3,3964.1,2179.9,871.6,4.3,False,6479232,6470016,255,37,1559x1039,8,2,holdout_every=8,5000,262144,False,40.18,124.439,50.7,177.2,2026-09-13T14:13:20,
bonsai,candidata,2,19,2,8,2.6918,0,ok,27.6077,28.0016,1.6508,0.8346,0.85698,0.25044,3158.3,870.3,4028.6,2115.4,871.1,0.4,False,6479232,6470016,255,37,1559x1039,8,2,holdout_every=8,5000,262144,False,39.68,126.004,47.882,175.9,2026-09-13T14:16:37,
bonsai,candidata,3,19,2,8,2.6918,0,ok,27.734,28.193,1.6627,0.83904,0.861,0.24716,3160.3,879.9,4040.2,2103.8,879.9,0.0,False,6479232,6470016,255,37,1559x1039,8,2,holdout_every=8,5000,262144,False,40.02,124.948,48.603,175.6,2026-09-13T14:19:52,
bonsai,vizinha,1,17,4,8,2.6918,0,ok,27.6279,28.0491,1.6242,0.82743,0.8507,0.26612,3211.0,896.9,4107.9,2036.1,896.9,0.0,False,3513088,3502848,255,37,1559x1039,8,2,holdout_every=8,5000,262144,False,44.66,111.965,45.412,159.4,2026-09-13T14:24:15,
bonsai,vizinha,2,17,4,8,2.6918,0,ok,27.7174,28.0846,1.6553,0.82883,0.85181,0.2678,3233.5,851.7,4085.2,2058.8,852.3,0.3,False,3513088,3502848,255,37,1559x1039,8,2,holdout_every=8,5000,262144,False,44.52,112.317,45.09,159.5,2026-09-13T14:27:14,
bonsai,vizinha,3,17,4,8,2.6918,0,ok,27.7413,28.0464,1.6624,0.83004,0.85285,0.26528,3126.1,848.4,3974.5,2169.5,848.4,0.0,False,3513088,3502848,255,37,1559x1039,8,2,holdout_every=8,5000,262144,False,43.4,115.219,46.097,163.2,2026-09-13T14:30:10,
