run_tag,scene,T,F,L,psnr,vram_peak_mb,t_train_s,delta_psnr_db,delta_vram_pct,delta_time_pct,delta_lpips,within_tolerance
lego_T15_F2_L4_s0,lego,15,2,4,26.2144,1744.6,84.387,-6.793,-12.8,-39.71,0.08271,False
lego_T15_F2_L8_s0,lego,15,2,8,29.4525,1714.6,99.815,-3.555,-14.3,-28.69,0.03131,False
lego_T15_F2_L16_s0,lego,15,2,16,31.2946,1770.6,133.35,-1.713,-11.5,-4.73,0.0144,True
lego_T15_F4_L4_s0,lego,15,4,4,28.4001,1750.6,92.075,-4.607,-12.5,-34.22,0.04427,False
lego_T15_F4_L8_s0,lego,15,4,8,30.6993,1772.6,116.471,-2.308,-11.4,-16.79,0.01809,False
lego_T15_F4_L16_s0,lego,15,4,16,31.99,1808.6,167.886,-1.018,-9.6,19.94,0.00635,True
lego_T15_F8_L4_s0,lego,15,8,4,29.5403,1770.6,102.942,-3.467,-11.5,-26.46,0.03011,False
lego_T15_F8_L8_s0,lego,15,8,8,31.524,1808.6,135.745,-1.484,-9.6,-3.02,0.01039,True
lego_T15_F8_L16_s0,lego,15,8,16,32.7188,1954.6,215.032,-0.289,-2.3,53.62,0.00239,True
lego_T17_F2_L4_s0,lego,17,2,4,28.7311,1748.6,90.735,-4.276,-12.6,-35.18,0.04357,False
lego_T17_F2_L8_s0,lego,17,2,8,31.4631,1782.6,106.265,-1.544,-10.9,-24.08,0.01011,True
lego_T17_F2_L16_s0,lego,17,2,16,32.6701,1796.6,160.22,-0.337,-10.2,14.46,0.00218,True
lego_T17_F4_L4_s0,lego,17,4,4,30.7623,1782.6,94.576,-2.245,-10.9,-32.43,0.01625,False
lego_T17_F4_L8_s0,lego,17,4,8,32.2606,1816.6,126.902,-0.747,-9.2,-9.34,0.00571,True
lego_T17_F4_L16_s0,lego,17,4,16,33.1885,1908.6,201.005,0.181,-4.6,43.6,-0.00121,True
lego_T17_F8_L4_s0,lego,17,8,4,31.484,1819.6,113.342,-1.524,-9.05,-19.03,0.00926,True
lego_T17_F8_L8_s0,lego,17,8,8,32.7363,1908.6,155.584,-0.271,-4.6,11.15,0.00106,True
lego_T17_F8_L16_s0,lego,17,8,16,33.3666,2214.6,253.891,0.359,10.7,81.38,-0.00298,True
lego_T19_F2_L4_s0,lego,19,2,4,30.4406,1792.6,97.093,-2.567,-10.4,-30.64,0.0223,False
lego_T19_F2_L8_s0,lego,19,2,8,32.5799,1870.6,122.75,-0.428,-6.5,-12.31,0.00371,True
lego_T19_F2_L16_s0,lego,19,2,16,33.0524,2010.6,196.518,0.045,0.5,40.39,-0.00063,True
lego_T19_F4_L4_s0,lego,19,4,4,32.0605,1882.6,106.133,-0.947,-5.9,-24.18,0.0056,True
lego_T19_F4_L8_s0,lego,19,4,8,33.0708,1972.6,136.271,0.063,-1.4,-2.65,-0.00091,True
lego_T19_F4_L16_s0,lego,19,4,16,33.4354,2262.6,229.686,0.428,13.1,64.09,-0.00327,True
lego_T19_F8_L4_s0,lego,19,8,4,32.4833,2018.6,121.381,-0.524,0.9,-13.29,0.0017,True
lego_T19_F8_L8_s0,lego,19,8,8,33.3427,2260.6,173.425,0.335,13.0,23.9,-0.00316,True
lego_T19_F8_L16_s0,lego,19,8,16,33.5256,2974.6,272.911,0.518,48.69,94.97,-0.0048,True
chair_T15_F2_L4_s0,chair,15,2,4,28.1876,1750.6,112.738,-4.914,-11.7,-38.31,0.05658,False
chair_T15_F2_L8_s0,chair,15,2,8,30.499,1735.7,132.742,-2.603,-12.45,-27.37,0.02734,False
chair_T15_F2_L16_s0,chair,15,2,16,31.6887,1776.7,180.207,-1.413,-10.39,-1.4,0.01182,True
chair_T15_F4_L4_s0,chair,15,4,4,29.9481,1756.7,120.141,-3.153,-11.39,-34.26,0.03468,False
chair_T15_F4_L8_s0,chair,15,4,8,31.4753,1776.7,152.962,-1.626,-10.39,-16.3,0.01344,True
chair_T15_F4_L16_s0,chair,15,4,16,32.7608,1810.3,207.55,-0.341,-8.69,13.57,0.00397,True
chair_T15_F8_L4_s0,chair,15,8,4,31.1881,1756.6,134.612,-1.913,-11.4,-26.34,0.01865,True
chair_T15_F8_L8_s0,chair,15,8,8,32.594,1798.6,174.782,-0.508,-9.28,-4.36,0.00616,True
chair_T15_F8_L16_s0,chair,15,8,16,33.1751,2034.6,249.693,0.074,2.62,36.63,0.00202,True
chair_T17_F2_L4_s0,chair,17,2,4,29.9035,1768.6,114.196,-3.198,-10.79,-37.51,0.03134,False
chair_T17_F2_L8_s0,chair,17,2,8,31.4568,1788.6,137.469,-1.645,-9.79,-24.78,0.00996,True
chair_T17_F2_L16_s0,chair,17,2,16,32.431,1830.6,197.234,-0.671,-7.67,7.92,0.00403,True
chair_T17_F4_L4_s0,chair,17,4,4,31.4119,1784.6,124.247,-1.69,-9.99,-32.02,0.01673,True
chair_T17_F4_L8_s0,chair,17,4,8,32.4227,1802.6,159.348,-0.679,-9.08,-12.81,0.00368,True
chair_T17_F4_L16_s0,chair,17,4,16,33.4992,1914.6,233.77,0.398,-3.43,27.91,-0.00087,True
chair_T17_F8_L4_s0,chair,17,8,4,32.2694,1830.6,140.498,-0.832,-7.67,-23.12,0.00959,True
chair_T17_F8_L8_s0,chair,17,8,8,33.3889,1890.6,187.863,0.287,-4.64,2.79,-4e-05,True
chair_T17_F8_L16_s0,chair,17,8,16,33.5792,2234.6,286.807,0.478,12.71,56.93,-0.00129,True
chair_T19_F2_L4_s0,chair,19,2,4,31.1233,1794.6,122.202,-1.978,-9.48,-33.13,0.01802,True
chair_T19_F2_L8_s0,chair,19,2,8,32.1515,1876.6,153.071,-0.95,-5.35,-16.24,0.00386,True
chair_T19_F2_L16_s0,chair,19,2,16,32.9616,2016.6,231.748,-0.14,1.71,26.81,-0.00023,True
chair_T19_F4_L4_s0,chair,19,4,4,31.6535,1888.6,133.654,-1.448,-4.74,-26.87,0.00999,True
chair_T19_F4_L8_s0,chair,19,4,8,33.1183,2001.9,175.542,0.017,0.97,-3.95,0.00021,True
chair_T19_F4_L16_s0,chair,19,4,16,33.5854,2288.6,257.611,0.484,15.43,40.96,-0.00238,True
chair_T19_F8_L4_s0,chair,19,8,4,32.7544,2000.6,149.886,-0.347,0.91,-17.99,0.00352,True
chair_T19_F8_L8_s0,chair,19,8,8,33.5645,2266.6,204.689,0.463,14.32,12.0,-0.00178,True
chair_T19_F8_L16_s0,chair,19,8,16,33.9198,2980.6,310.434,0.818,50.34,69.86,-0.00303,True
