step,psnr,psnr_median,ssim,t_train_s,ganho_db_por_1k,pct_do_psnr_final,delta_db_ate_o_fim,s_por_run,horas_grid
2000,27.2703,27.7892,0.82665,65.84,,90.93,2.7196,133.3,1.0
4000,28.3489,28.7753,0.85757,123.7,0.5393,94.53,1.641,191.1,1.43
6000,28.779,29.2554,0.86896,180.85,0.215,95.96,1.2109,248.3,1.86
8000,29.0537,29.5603,0.87551,238.08,0.1373,96.88,0.9362,305.5,2.29
10000,29.2139,29.7044,0.87925,295.3,0.0801,97.41,0.776,362.7,2.72
12000,29.3423,29.8749,0.88201,352.94,0.0642,97.84,0.6476,420.4,3.15
14000,29.4228,29.9285,0.88398,410.64,0.0402,98.11,0.5671,478.1,3.59
16000,29.5156,30.0595,0.88577,468.3,0.0464,98.42,0.4743,535.7,4.02
18000,29.5475,30.1082,0.88684,525.86,0.016,98.52,0.4424,593.3,4.45
20000,29.6096,30.1727,0.88815,583.36,0.0311,98.73,0.3803,650.8,4.88
22000,29.84,30.4864,0.89192,641.79,0.1152,99.5,0.1499,709.2,5.32
24000,29.8965,30.4968,0.89279,699.41,0.0282,99.69,0.0934,766.9,5.75
26000,29.935,30.5504,0.89365,757.32,0.0192,99.82,0.0549,824.8,6.19
28000,29.9635,30.5538,0.89406,815.24,0.0143,99.91,0.0264,882.7,6.62
30000,29.9899,30.6291,0.89469,873.22,0.0132,100.0,0.0,940.7,7.06
