step,loss,elapsed_s
1,0.04950231,0.49
100,0.00865619,10.19
200,0.00578192,14.41
300,0.00403471,18.05
400,0.00351241,20.84
500,0.00324837,23.55
600,0.00294326,26.17
700,0.00288606,28.8
800,0.00263078,31.48
900,0.00252328,34.22
1000,0.00242954,36.92
1100,0.00230196,39.67
1200,0.00218260,42.42
1300,0.00203959,45.24
1400,0.00201322,48.05
1500,0.00204480,50.88
1600,0.00185532,53.68
1700,0.00187387,56.42
1800,0.00187180,59.1
1900,0.00173190,61.79
2000,0.00169043,64.56
2100,0.00181426,68.7
2200,0.00158671,71.53
2300,0.00162884,74.37
2400,0.00166246,77.19
2500,0.00150562,80.19
2600,0.00145694,83.11
2700,0.00150657,85.91
2800,0.00147236,88.69
2900,0.00152367,91.54
3000,0.00155005,94.3
3100,0.00145317,96.99
3200,0.00138939,99.66
3300,0.00133390,102.47
3400,0.00136892,105.3
3500,0.00138757,108.12
3600,0.00135827,110.99
3700,0.00141899,113.96
3800,0.00132850,116.83
3900,0.00151732,119.62
4000,0.00136077,122.39
4100,0.00135506,126.51
4200,0.00130416,129.19
4300,0.00129193,131.87
4400,0.00127602,134.61
4500,0.00136125,137.49
4600,0.00125611,140.3
4700,0.00126340,143.19
4800,0.00130308,146.1
4900,0.00125909,148.98
5000,0.00128622,151.66
5100,0.00127522,154.34
5200,0.00125331,157.06
5300,0.00122182,159.94
5400,0.00124003,162.74
5500,0.00120129,165.54
5600,0.00123450,168.32
5700,0.00120869,171.17
5800,0.00125564,173.94
5900,0.00120830,176.73
6000,0.00115979,179.52
6100,0.00122373,183.72
6200,0.00124799,186.51
6300,0.00116055,189.29
6400,0.00113803,192.06
6500,0.00118186,194.89
6600,0.00116361,197.67
6700,0.00123989,200.47
6800,0.00114989,203.24
6900,0.00117433,206.09
7000,0.00120985,208.87
7100,0.00111449,211.64
7200,0.00118899,214.42
7300,0.00123391,217.27
7400,0.00116742,220.05
7500,0.00112217,222.83
7600,0.00114902,225.61
7700,0.00111584,228.46
7800,0.00115523,231.23
7900,0.00115390,233.98
8000,0.00115135,236.75
8100,0.00118426,240.91
8200,0.00118083,243.67
8300,0.00115526,246.43
8400,0.00120646,249.2
8500,0.00113812,252.04
8600,0.00112196,254.8
8700,0.00112198,257.56
8800,0.00114444,260.33
8900,0.00108305,263.17
9000,0.00106957,265.94
9100,0.00104855,268.72
9200,0.00112510,271.49
9300,0.00110698,274.35
9400,0.00114062,277.15
9500,0.00109896,279.96
9600,0.00109077,282.77
9700,0.00109574,285.63
9800,0.00106978,288.4
9900,0.00115576,291.18
10000,0.00108255,293.97
10100,0.00123305,298.19
10200,0.00112815,300.99
10300,0.00105581,303.79
10400,0.00115251,306.58
10500,0.00117697,309.45
10600,0.00108828,312.23
10700,0.00110667,315.03
10800,0.00104733,317.84
10900,0.00114284,320.7
11000,0.00108047,323.5
11100,0.00112827,326.29
11200,0.00111205,329.08
11300,0.00104562,331.93
11400,0.00113157,334.72
11500,0.00120414,337.51
11600,0.00111686,340.31
11700,0.00102641,343.2
11800,0.00106633,346.0
11900,0.00106772,348.8
12000,0.00103797,351.6
12100,0.00107223,355.82
12200,0.00104194,358.6
12300,0.00102366,361.4
12400,0.00118149,364.19
12500,0.00108977,367.05
12600,0.00105984,369.84
12700,0.00111905,372.63
12800,0.00110061,375.41
12900,0.00104821,378.28
13000,0.00110460,381.09
13100,0.00110619,383.9
13200,0.00110062,386.69
13300,0.00099294,389.55
13400,0.00109025,392.35
13500,0.00113539,395.16
13600,0.00103433,397.97
13700,0.00100020,400.85
13800,0.00103000,403.66
13900,0.00121239,406.47
14000,0.00110960,409.3
14100,0.00108077,413.52
14200,0.00110059,416.32
14300,0.00105120,419.12
14400,0.00101701,421.9
14500,0.00104385,424.77
14600,0.00102205,427.56
14700,0.00103956,430.37
14800,0.00108032,433.16
14900,0.00105187,436.05
15000,0.00104150,438.9
15100,0.00103703,441.7
15200,0.00102461,444.51
15300,0.00106947,447.36
15400,0.00105491,450.14
15500,0.00102739,452.92
15600,0.00103825,455.72
15700,0.00100050,458.59
15800,0.00102826,461.39
15900,0.00104966,464.18
16000,0.00106851,466.97
16100,0.00104304,471.16
16200,0.00107293,473.95
16300,0.00101926,476.74
16400,0.00102883,479.52
16500,0.00099689,482.38
16600,0.00107868,485.16
16700,0.00103326,487.95
16800,0.00103821,490.74
16900,0.00104021,493.6
17000,0.00099328,496.43
17100,0.00102501,499.24
17200,0.00101624,502.05
17300,0.00102295,504.91
17400,0.00105458,507.73
17500,0.00107337,510.51
17600,0.00104224,513.27
17700,0.00109703,516.1
17800,0.00099781,518.89
17900,0.00098833,521.69
18000,0.00101171,524.48
18100,0.00106331,528.76
18200,0.00101572,531.58
18300,0.00101537,534.39
18400,0.00114185,537.19
18500,0.00099998,540.07
18600,0.00105939,542.86
18700,0.00104080,545.62
18800,0.00105606,548.35
18900,0.00099778,551.19
19000,0.00095877,553.97
19100,0.00099000,556.74
19200,0.00101464,559.56
19300,0.00103396,562.45
19400,0.00107184,565.26
19500,0.00103485,568.01
19600,0.00105399,570.77
19700,0.00098489,573.58
19800,0.00101934,576.4
19900,0.00099370,579.22
20000,0.00099964,582.04
20100,0.00091580,586.26
20200,0.00095164,589.08
20300,0.00099975,591.91
20400,0.00088442,594.75
20500,0.00088311,597.66
20600,0.00098860,600.48
20700,0.00092508,603.31
20800,0.00099909,606.14
20900,0.00090979,609.03
21000,0.00087546,611.87
21100,0.00093063,614.69
21200,0.00090913,617.52
21300,0.00094165,620.42
21400,0.00091343,623.24
21500,0.00088058,626.07
21600,0.00092910,628.91
21700,0.00092055,631.85
21800,0.00091701,634.72
21900,0.00092189,637.56
22000,0.00086007,640.38
22100,0.00088130,644.69
22200,0.00089581,647.53
22300,0.00088167,650.37
22400,0.00091673,653.2
22500,0.00096253,656.09
22600,0.00089593,658.92
22700,0.00095970,661.75
22800,0.00097236,664.56
22900,0.00090575,667.44
23000,0.00089434,670.27
23100,0.00093860,673.08
23200,0.00093299,675.89
23300,0.00093822,678.71
23400,0.00086734,681.39
23500,0.00093748,684.07
23600,0.00089234,686.79
23700,0.00092078,689.61
23800,0.00087753,692.4
23900,0.00082992,695.23
24000,0.00091659,698.06
24100,0.00089404,702.28
24200,0.00091149,704.99
24300,0.00092596,707.71
24400,0.00087978,710.54
24500,0.00086019,713.43
24600,0.00089715,716.26
24700,0.00089483,719.08
24800,0.00092488,721.9
24900,0.00088524,724.82
25000,0.00089016,727.67
25100,0.00097202,730.5
25200,0.00088473,733.32
25300,0.00090414,736.18
25400,0.00090475,738.94
25500,0.00092544,741.73
25600,0.00089444,744.55
25700,0.00093990,747.45
25800,0.00088379,750.27
25900,0.00092998,753.08
26000,0.00086418,755.92
26100,0.00085325,760.21
26200,0.00084424,763.02
26300,0.00083879,765.84
26400,0.00095045,768.63
26500,0.00089891,771.48
26600,0.00088649,774.26
26700,0.00090481,777.08
26800,0.00095196,779.91
26900,0.00089922,782.82
27000,0.00083413,785.64
27100,0.00088205,788.47
27200,0.00089258,791.29
27300,0.00087834,794.17
27400,0.00091402,796.99
27500,0.00087096,799.8
27600,0.00087613,802.57
27700,0.00088042,805.44
27800,0.00090289,808.28
27900,0.00084095,811.09
28000,0.00088184,813.93
28100,0.00089360,818.14
28200,0.00089379,820.96
28300,0.00091062,823.78
28400,0.00083715,826.6
28500,0.00086872,829.48
28600,0.00087011,832.28
28700,0.00087355,835.07
28800,0.00085612,837.87
28900,0.00089036,840.78
29000,0.00089941,843.63
29100,0.00089994,846.46
29200,0.00091082,849.28
29300,0.00095013,852.19
29400,0.00086685,855.01
29500,0.00086069,857.84
29600,0.00089100,860.65
29700,0.00088874,863.53
29800,0.00090640,866.28
29900,0.00085807,869.05
30000,0.00095386,871.86
