tag,psnr,ssim,seconds,returncode,encoding.log2_hashmap_size,encoding.n_levels,encoding.n_features_per_level
001_lhs15_nl4_nfpl2,,,2.1,1,15,4,2
002_lhs15_nl4_nfpl4,,,0.8,1,15,4,4
003_lhs15_nl4_nfpl8,,,0.8,1,15,4,8
004_lhs15_nl8_nfpl2,,,0.8,1,15,8,2
005_lhs15_nl8_nfpl4,,,0.7,1,15,8,4
006_lhs15_nl8_nfpl8,,,0.8,1,15,8,8
007_lhs15_nl16_nfpl2,,,0.7,1,15,16,2
008_lhs15_nl16_nfpl4,,,0.7,1,15,16,4
009_lhs15_nl16_nfpl8,,,0.8,1,15,16,8
010_lhs17_nl4_nfpl2,,,0.8,1,17,4,2
011_lhs17_nl4_nfpl4,,,0.8,1,17,4,4
012_lhs17_nl4_nfpl8,,,0.8,1,17,4,8
013_lhs17_nl8_nfpl2,,,0.8,1,17,8,2
014_lhs17_nl8_nfpl4,,,0.8,1,17,8,4
015_lhs17_nl8_nfpl8,,,0.8,1,17,8,8
016_lhs17_nl16_nfpl2,,,0.8,1,17,16,2
017_lhs17_nl16_nfpl4,,,0.8,1,17,16,4
018_lhs17_nl16_nfpl8,,,0.7,1,17,16,8
019_lhs19_nl4_nfpl2,,,0.7,1,19,4,2
020_lhs19_nl4_nfpl4,,,0.8,1,19,4,4
021_lhs19_nl4_nfpl8,,,0.7,1,19,4,8
022_lhs19_nl8_nfpl2,,,0.8,1,19,8,2
023_lhs19_nl8_nfpl4,,,0.7,1,19,8,4
024_lhs19_nl8_nfpl8,,,0.7,1,19,8,8
025_lhs19_nl16_nfpl2,,,0.8,1,19,16,2
026_lhs19_nl16_nfpl4,,,0.7,1,19,16,4
027_lhs19_nl16_nfpl8,,,0.7,1,19,16,8
