run_tag,scene,kind,is_baseline,seed,T,F,L,per_level_scale,batch_size,n_steps,psnr,psnr_std,psnr_median,ssim,ssim_ngp,lpips,loss_final,vram_peak_mb,vram_peak_device_mb,vram_baseline_mb,vram_device_min_mb,vram_method,t_train_s,t_eval_s,t_setup_s,steps_per_s,n_rays_effective_mean,n_rays_effective_std,samples_per_batch_mean,samples_per_ray_mean,batch_size_drift,test_views,spp,n_params,n_encoding_params,mlp_impl,nerf_compatibility,status,error,timestamp
lego_baseline_s0,lego,baseline,True,0,,,,,262144,5000,33.0076,1.699,33.5265,0.96396,0.9623,0.02305,0.00032352,2000.6,3286.2,1285.6,1285.6,device_minus_baseline,139.977,95.933,0.49,35.72,39805.4,8734.1,263472.8,6.62,0.0051,200,8,11692032,11681792,FullyFusedMLP,True,ok,worker terminou sem concluir,2026-08-17T02:04:13
chair_baseline_s0,chair,baseline,True,0,,,,,262144,5000,33.1016,1.5603,32.7482,0.97622,0.97191,0.01714,0.0003381,1982.6,3268.2,1285.6,1285.6,device_minus_baseline,182.757,81.753,0.49,27.36,75358.0,16347.4,262413.9,3.48,0.001,200,8,11692032,11681792,FullyFusedMLP,True,ok,worker terminou sem concluir,2026-08-17T02:08:24
lego_T15_F2_L4_s0,lego,grid,False,0,15,2,4,5.039684,262144,5000,26.2144,1.3634,26.2757,0.86587,0.87002,0.10576,0.00152798,1744.6,3030.2,1285.6,1285.6,device_minus_baseline,84.387,23.552,0.525,59.25,42213.9,12835.8,262977.6,6.23,0.0032,50,8,214016,204800,FullyFusedMLP,True,ok,worker terminou sem concluir,2026-08-17T02:13:05
lego_T15_F2_L8_s0,lego,grid,False,0,15,2,8,2.0,262144,5000,29.4525,1.3724,29.8184,0.92222,0.92248,0.05436,0.00077073,1714.6,3000.2,1285.6,1285.6,device_minus_baseline,99.815,24.823,0.528,50.09,40651.8,11273.5,262617.1,6.46,0.0018,50,8,476160,466944,FullyFusedMLP,True,ok,worker terminou sem concluir,2026-08-17T02:15:03
lego_T15_F2_L16_s0,lego,grid,False,0,15,2,16,1.381913,262144,5000,31.2946,1.5711,31.8652,0.94515,0.94375,0.03745,0.00052035,1770.6,3056.2,1285.6,1285.6,device_minus_baseline,133.35,25.356,0.519,37.5,44157.4,10613.3,262825.4,5.95,0.0026,50,8,954320,944080,FullyFusedMLP,True,ok,worker terminou sem concluir,2026-08-17T02:17:19
lego_T15_F4_L4_s0,lego,grid,False,0,15,4,4,5.039684,262144,5000,28.4001,1.2225,28.7181,0.90458,0.90504,0.06732,0.00099014,1750.6,3036.2,1285.6,1285.6,device_minus_baseline,92.075,26.632,0.504,54.3,43295.3,12018.8,263775.6,6.09,0.0062,50,8,418816,409600,FullyFusedMLP,True,ok,worker terminou sem concluir,2026-08-17T02:20:12
lego_T15_F4_L8_s0,lego,grid,False,0,15,4,8,2.0,262144,5000,30.6993,1.6496,31.2721,0.94068,0.93932,0.04114,0.00058446,1772.6,3058.2,1285.6,1285.6,device_minus_baseline,116.471,29.08,0.489,42.93,45265.0,10592.3,263144.4,5.81,0.0038,50,8,944128,933888,FullyFusedMLP,True,ok,worker terminou sem concluir,2026-08-17T02:22:20
lego_T15_F4_L16_s0,lego,grid,False,0,15,4,16,1.381913,262144,5000,31.99,1.6624,32.6204,0.95477,0.95341,0.0294,0.00042049,1808.6,3094.2,1285.6,1285.6,device_minus_baseline,167.886,30.835,0.495,29.78,42051.9,9000.4,263267.0,6.26,0.0043,50,8,1900448,1888160,FullyFusedMLP,True,ok,worker terminou sem concluir,2026-08-17T02:25:01
lego_T15_F8_L4_s0,lego,grid,False,0,15,8,4,5.039684,262144,5000,29.5403,1.4558,30.0693,0.92423,0.92352,0.05316,0.00076516,1770.6,3056.2,1285.6,1285.6,device_minus_baseline,102.942,24.742,0.503,48.57,42245.2,9981.1,262395.9,6.21,0.001,50,8,829440,819200,FullyFusedMLP,True,ok,worker terminou sem concluir,2026-08-17T02:28:34
lego_T15_F8_L8_s0,lego,grid,False,0,15,8,8,2.0,262144,5000,31.524,1.9043,32.0915,0.95119,0.94961,0.03344,0.00048213,1808.6,3094.2,1285.6,1285.6,device_minus_baseline,135.745,26.724,0.514,36.83,41169.0,9368.4,262885.5,6.39,0.0028,50,8,1880064,1867776,FullyFusedMLP,True,ok,worker terminou sem concluir,2026-08-17T02:30:52
lego_T15_F8_L16_s0,lego,grid,False,0,15,8,16,1.381913,262144,5000,32.7188,1.634,33.2169,0.9617,0.9602,0.02544,0.00036236,1954.6,3240.2,1285.6,1285.6,device_minus_baseline,215.032,33.081,0.509,23.25,43394.6,8926.9,262046.2,6.04,0.0004,50,8,3792704,3776320,FullyFusedMLP,True,ok,worker terminou sem concluir,2026-08-17T02:33:47
lego_T17_F2_L4_s0,lego,grid,False,0,17,2,4,5.039684,262144,5000,28.7311,1.4066,29.1808,0.91094,0.90984,0.06662,0.00090363,1748.6,3034.2,1285.6,1285.6,device_minus_baseline,90.735,23.678,0.481,55.11,43932.7,11102.8,262997.7,5.99,0.0033,50,8,803840,794624,FullyFusedMLP,True,ok,worker terminou sem concluir,2026-08-17T02:38:15
lego_T17_F2_L8_s0,lego,grid,False,0,17,2,8,2.0,262144,5000,31.4631,1.3091,31.8824,0.9492,0.94797,0.03316,0.00049224,1782.6,3068.2,1285.6,1285.6,device_minus_baseline,106.265,24.85,0.502,47.05,37344.7,8358.7,263384.8,7.05,0.0047,50,8,1655808,1646592,FullyFusedMLP,True,ok,worker terminou sem concluir,2026-08-17T02:40:19
lego_T17_F2_L16_s0,lego,grid,False,0,17,2,16,1.381913,262144,5000,32.6701,1.6413,33.2157,0.96038,0.95897,0.02523,0.00036379,1796.6,3082.2,1285.6,1285.6,device_minus_baseline,160.22,28.842,0.543,31.21,41999.7,9195.1,262602.7,6.25,0.0017,50,8,3407104,3396864,FullyFusedMLP,True,ok,worker terminou sem concluir,2026-08-17T02:42:45
lego_T17_F4_L4_s0,lego,grid,False,0,17,4,4,5.039684,262144,5000,30.7623,1.3954,31.2263,0.94053,0.93868,0.0393,0.0005854,1782.6,3068.2,1285.6,1285.6,device_minus_baseline,94.576,26.47,0.499,52.87,40061.4,10289.7,262972.0,6.56,0.0032,50,8,1598464,1589248,FullyFusedMLP,True,ok,worker terminou sem concluir,2026-08-17T02:46:09
lego_T17_F4_L8_s0,lego,grid,False,0,17,4,8,2.0,262144,5000,32.2606,1.7669,32.8963,0.95723,0.95631,0.02876,0.00039021,1816.6,3102.2,1285.6,1285.6,device_minus_baseline,126.902,25.369,0.49,39.4,43143.8,10039.8,263499.4,6.11,0.0052,50,8,3303424,3293184,FullyFusedMLP,True,ok,worker terminou sem concluir,2026-08-17T02:48:22
lego_T17_F4_L16_s0,lego,grid,False,0,17,4,16,1.381913,262144,5000,33.1885,1.6667,33.6159,0.96449,0.96288,0.02184,0.00031187,1908.6,3194.2,1285.6,1285.6,device_minus_baseline,201.005,33.684,0.491,24.88,37987.3,7445.6,262607.3,6.91,0.0018,50,8,6806016,6793728,FullyFusedMLP,True,ok,worker terminou sem concluir,2026-08-17T02:51:09
lego_T17_F8_L4_s0,lego,grid,False,0,17,8,4,5.039684,262144,5000,31.484,1.8698,32.0604,0.95164,0.94988,0.03231,0.000476,1819.6,3105.2,1285.6,1285.6,device_minus_baseline,113.342,24.929,0.498,44.11,41701.9,9040.9,262768.2,6.3,0.0024,50,8,3188736,3178496,FullyFusedMLP,True,ok,worker terminou sem concluir,2026-08-17T02:55:24
lego_T17_F8_L8_s0,lego,grid,False,0,17,8,8,2.0,262144,5000,32.7363,1.601,33.2447,0.96235,0.96049,0.02411,0.00035367,1908.6,3189.2,1280.6,1280.6,device_minus_baseline,155.584,28.129,0.524,32.14,37543.2,7329.4,262467.6,6.99,0.0012,50,8,6598656,6586368,FullyFusedMLP,True,ok,worker terminou sem concluir,2026-08-17T02:57:57
lego_T17_F8_L16_s0,lego,grid,False,0,17,8,16,1.381913,262144,5000,33.3666,1.7365,33.8289,0.96482,0.96344,0.02007,0.00029787,2214.6,3495.2,1280.6,1280.6,device_minus_baseline,253.891,38.579,0.509,19.69,34408.5,4680.0,263139.7,7.65,0.0038,50,8,13603840,13587456,FullyFusedMLP,True,ok,worker terminou sem concluir,2026-08-17T03:01:15
lego_T19_F2_L4_s0,lego,grid,False,0,19,2,4,5.039684,262144,5000,30.4406,1.8017,31.1333,0.93894,0.93793,0.04535,0.00057769,1792.6,3073.2,1280.6,1280.6,device_minus_baseline,97.093,24.314,0.511,51.5,43692.4,11147.6,262720.9,6.01,0.0022,50,8,3163136,3153920,FullyFusedMLP,True,ok,worker terminou sem concluir,2026-08-17T03:06:35
lego_T19_F2_L8_s0,lego,grid,False,0,19,2,8,2.0,262144,5000,32.5799,1.599,33.0864,0.95809,0.9567,0.02676,0.00036846,1870.6,3151.2,1280.6,1280.6,device_minus_baseline,122.75,25.192,0.484,40.73,42208.7,10190.7,262131.7,6.21,0.0,50,8,5850112,5840896,FullyFusedMLP,True,ok,worker terminou sem concluir,2026-08-17T03:08:48
lego_T19_F2_L16_s0,lego,grid,False,0,19,2,16,1.381913,262144,5000,33.0524,1.7027,33.5273,0.96354,0.96184,0.02242,0.00031623,2010.6,3291.2,1280.6,1280.6,device_minus_baseline,196.518,29.718,0.538,25.44,38932.9,7937.1,262806.4,6.75,0.0025,50,8,12206480,12196240,FullyFusedMLP,True,ok,worker terminou sem concluir,2026-08-17T03:11:31
lego_T19_F4_L4_s0,lego,grid,False,0,19,4,4,5.039684,262144,5000,32.0605,1.5037,32.5133,0.95531,0.9535,0.02865,0.00041238,1882.6,3163.2,1280.6,1280.6,device_minus_baseline,106.133,24.342,0.515,47.11,42281.8,9857.0,262737.9,6.21,0.0023,50,8,6317056,6307840,FullyFusedMLP,True,ok,worker terminou sem concluir,2026-08-17T03:15:38
lego_T19_F4_L8_s0,lego,grid,False,0,19,4,8,2.0,262144,5000,33.0708,1.6822,33.5425,0.96346,0.96185,0.02214,0.00031633,1972.6,3253.2,1280.6,1280.6,device_minus_baseline,136.271,24.908,0.521,36.69,36926.7,7789.5,263114.8,7.13,0.0037,50,8,11692032,11681792,FullyFusedMLP,True,ok,worker terminou sem concluir,2026-08-17T03:18:00
lego_T19_F4_L16_s0,lego,grid,False,0,19,4,16,1.381913,262144,5000,33.4354,1.704,33.8378,0.96561,0.96436,0.01978,0.00028242,2262.6,3543.2,1280.6,1280.6,device_minus_baseline,229.686,35.552,0.496,21.77,37548.4,6742.9,261773.3,6.97,0.0014,50,8,24404768,24392480,FullyFusedMLP,True,ok,worker terminou sem concluir,2026-08-17T03:20:57
lego_T19_F8_L4_s0,lego,grid,False,0,19,8,4,5.039684,262144,5000,32.4833,1.6586,33.0351,0.96157,0.95968,0.02475,0.00036103,2018.6,3299.2,1280.6,1280.6,device_minus_baseline,121.381,26.24,0.475,41.19,38253.7,7573.7,263450.4,6.89,0.005,50,8,12625920,12615680,FullyFusedMLP,True,ok,worker terminou sem concluir,2026-08-17T03:25:46
lego_T19_F8_L8_s0,lego,grid,False,0,19,8,8,2.0,262144,5000,33.3427,1.6866,33.7365,0.96585,0.96497,0.01989,0.0002989,2260.6,3541.2,1280.6,1280.6,device_minus_baseline,173.425,30.348,0.519,28.83,35845.2,6397.5,263208.8,7.34,0.0041,50,8,23375872,23363584,FullyFusedMLP,True,ok,worker terminou sem concluir,2026-08-17T03:28:30
lego_T19_F8_L16_s0,lego,grid,False,0,19,8,16,1.381913,262144,5000,33.5256,1.8724,34.0711,0.96431,0.96274,0.01825,0.00028009,2974.6,4255.2,1280.6,1280.6,device_minus_baseline,272.911,41.095,0.517,18.32,28395.1,2792.3,263236.4,9.27,0.0042,50,8,48801344,48784960,FullyFusedMLP,True,ok,worker terminou sem concluir,2026-08-17T03:32:11
chair_T15_F2_L4_s0,chair,grid,False,0,15,2,4,5.039684,262144,5000,28.1876,1.6358,27.8662,0.9258,0.92125,0.07372,0.00108312,1750.6,3031.2,1280.6,1280.6,device_minus_baseline,112.738,20.828,0.462,44.35,84114.3,22013.3,261752.0,3.11,0.0015,50,8,214016,204800,FullyFusedMLP,True,ok,worker terminou sem concluir,2026-08-17T03:37:55
chair_T15_F2_L8_s0,chair,grid,False,0,15,2,8,2.0,262144,5000,30.499,1.5976,30.2052,0.95631,0.9507,0.04448,0.0006632,1735.7,3016.3,1280.6,1280.6,device_minus_baseline,132.742,21.255,0.467,37.67,90430.7,24407.2,261960.1,2.9,0.0007,50,8,476160,466944,FullyFusedMLP,True,ok,worker terminou sem concluir,2026-08-17T03:40:21
chair_T15_F2_L16_s0,chair,grid,False,0,15,2,16,1.381913,262144,5000,31.6887,1.5559,31.3601,0.96784,0.96291,0.02896,0.00050197,1776.7,3064.3,1287.6,1287.6,device_minus_baseline,180.207,21.36,0.491,27.75,89255.2,21744.1,262135.2,2.94,0.0,50,8,954320,944080,FullyFusedMLP,True,ok,worker terminou sem concluir,2026-08-17T03:43:10
chair_T15_F4_L4_s0,chair,grid,False,0,15,4,4,5.039684,262144,5000,29.9481,1.598,29.7508,0.94798,0.94241,0.05182,0.00076632,1756.7,3044.3,1287.6,1287.6,device_minus_baseline,120.141,21.092,0.479,41.62,91412.9,25580.1,262541.3,2.87,0.0015,50,8,418816,409600,FullyFusedMLP,True,ok,worker terminou sem concluir,2026-08-17T03:46:51
chair_T15_F4_L8_s0,chair,grid,False,0,15,4,8,2.0,262144,5000,31.4753,1.5355,31.0483,0.96626,0.96133,0.03058,0.00052579,1776.7,3064.3,1287.6,1287.6,device_minus_baseline,152.962,21.462,0.474,32.69,92457.8,23348.8,262283.5,2.84,0.0005,50,8,944128,933888,FullyFusedMLP,True,ok,worker terminou sem concluir,2026-08-17T03:49:28
chair_T15_F4_L16_s0,chair,grid,False,0,15,4,16,1.381913,262144,5000,32.7608,1.5525,32.4489,0.97431,0.96986,0.02111,0.00039935,1810.3,3097.9,1287.6,1287.6,device_minus_baseline,207.55,22.133,0.483,24.09,92222.7,23378.2,263169.9,2.85,0.0039,50,8,1900448,1888160,FullyFusedMLP,True,ok,worker terminou sem concluir,2026-08-17T03:52:37
chair_T15_F8_L4_s0,chair,grid,False,0,15,8,4,5.039684,262144,5000,31.1881,1.533,30.9599,0.96129,0.95607,0.03579,0.00059102,1756.6,3039.9,1283.3,1283.3,device_minus_baseline,134.612,20.943,0.506,37.14,93925.9,24645.0,262470.2,2.79,0.0012,50,8,829440,819200,FullyFusedMLP,True,ok,worker terminou sem concluir,2026-08-17T03:56:46
chair_T15_F8_L8_s0,chair,grid,False,0,15,8,8,2.0,262144,5000,32.594,1.5871,32.3304,0.97296,0.96853,0.0233,0.00042531,1798.6,3081.9,1283.3,1283.3,device_minus_baseline,174.782,21.502,0.529,28.61,94897.6,24294.5,263132.9,2.77,0.0038,50,8,1880064,1867776,FullyFusedMLP,True,ok,worker terminou sem concluir,2026-08-17T03:59:36
chair_T15_F8_L16_s0,chair,grid,False,0,15,8,16,1.381913,262144,5000,33.1751,1.4825,32.8075,0.9763,0.9721,0.01916,0.00036238,2034.6,3317.9,1283.3,1283.3,device_minus_baseline,249.693,23.465,0.479,20.02,93178.8,19426.9,262310.8,2.82,0.0006,50,8,3792704,3776320,FullyFusedMLP,True,ok,worker terminou sem concluir,2026-08-17T04:03:11
chair_T17_F2_L4_s0,chair,grid,False,0,17,2,4,5.039684,262144,5000,29.9035,1.6637,29.4328,0.95204,0.94665,0.04848,0.00073137,1768.6,3051.9,1283.3,1283.3,device_minus_baseline,114.196,21.279,0.466,43.78,89929.1,26020.0,262475.3,2.92,0.0013,50,8,803840,794624,FullyFusedMLP,True,ok,worker terminou sem concluir,2026-08-17T04:08:12
chair_T17_F2_L8_s0,chair,grid,False,0,17,2,8,2.0,262144,5000,31.4568,1.795,31.0426,0.96941,0.96496,0.0271,0.00047962,1788.6,3071.9,1283.3,1283.3,device_minus_baseline,137.469,21.147,0.487,36.37,92144.3,25750.5,262953.3,2.85,0.0031,50,8,1655808,1646592,FullyFusedMLP,True,ok,worker terminou sem concluir,2026-08-17T04:10:40
chair_T17_F2_L16_s0,chair,grid,False,0,17,2,16,1.381913,262144,5000,32.431,1.6892,32.1838,0.97393,0.96942,0.02117,0.00038655,1830.6,3113.9,1283.3,1283.3,device_minus_baseline,197.234,21.547,0.5,25.35,82599.2,19139.5,261527.6,3.17,0.0024,50,8,3407104,3396864,FullyFusedMLP,True,ok,worker terminou sem concluir,2026-08-17T04:13:34
chair_T17_F4_L4_s0,chair,grid,False,0,17,4,4,5.039684,262144,5000,31.4119,1.6192,31.0972,0.96586,0.961,0.03387,0.00053092,1784.6,3067.9,1283.3,1283.3,device_minus_baseline,124.247,21.198,0.459,40.24,92436.9,27336.6,262380.7,2.84,0.0009,50,8,1598464,1589248,FullyFusedMLP,True,ok,worker terminou sem concluir,2026-08-17T04:17:33
chair_T17_F4_L8_s0,chair,grid,False,0,17,4,8,2.0,262144,5000,32.4227,1.6509,32.0543,0.97452,0.97036,0.02082,0.00039487,1802.6,3085.9,1283.3,1283.3,device_minus_baseline,159.348,21.341,0.482,31.38,83983.7,21349.8,262458.4,3.13,0.0012,50,8,3303424,3293184,FullyFusedMLP,True,ok,worker terminou sem concluir,2026-08-17T04:20:12
chair_T17_F4_L16_s0,chair,grid,False,0,17,4,16,1.381913,262144,5000,33.4992,1.5402,33.2044,0.97751,0.97333,0.01627,0.00032535,1914.6,3197.9,1283.3,1283.3,device_minus_baseline,233.77,22.943,0.48,21.39,84140.4,19202.2,263243.3,3.13,0.0042,50,8,6806016,6793728,FullyFusedMLP,True,ok,worker terminou sem concluir,2026-08-17T04:23:32
chair_T17_F8_L4_s0,chair,grid,False,0,17,8,4,5.039684,262144,5000,32.2694,1.4865,31.9916,0.97131,0.96698,0.02673,0.00044789,1830.6,3113.9,1283.3,1283.3,device_minus_baseline,140.498,21.312,0.484,35.59,89647.0,23191.9,262142.2,2.92,0.0,50,8,3188736,3178496,FullyFusedMLP,True,ok,worker terminou sem concluir,2026-08-17T04:28:14
chair_T17_F8_L8_s0,chair,grid,False,0,17,8,8,2.0,262144,5000,33.3889,1.4628,33.0812,0.97747,0.9735,0.0171,0.00034165,1890.6,3173.9,1283.3,1283.3,device_minus_baseline,187.863,21.86,0.469,26.62,85833.1,20173.6,262291.7,3.06,0.0006,50,8,6598656,6586368,FullyFusedMLP,True,ok,worker terminou sem concluir,2026-08-17T04:31:12
chair_T17_F8_L16_s0,chair,grid,False,0,17,8,16,1.381913,262144,5000,33.5792,1.6185,33.3084,0.97821,0.9741,0.01585,0.00029826,2234.6,3517.9,1283.3,1283.3,device_minus_baseline,286.807,24.985,0.457,17.43,83403.8,15144.5,263198.2,3.16,0.004,50,8,13603840,13587456,FullyFusedMLP,True,ok,worker terminou sem concluir,2026-08-17T04:35:03
chair_T19_F2_L4_s0,chair,grid,False,0,19,2,4,5.039684,262144,5000,31.1233,1.5855,30.7259,0.96404,0.95908,0.03516,0.00056005,1794.6,3077.9,1283.3,1283.3,device_minus_baseline,122.202,21.216,0.44,40.92,86590.7,21622.7,262255.2,3.03,0.0004,50,8,3163136,3153920,FullyFusedMLP,True,ok,worker terminou sem concluir,2026-08-17T04:40:43
chair_T19_F2_L8_s0,chair,grid,False,0,19,2,8,2.0,262144,5000,32.1515,1.9319,31.9803,0.97457,0.97033,0.021,0.00038974,1876.6,3159.9,1283.3,1283.3,device_minus_baseline,153.071,22.08,0.472,32.66,81852.1,21129.2,262551.6,3.21,0.0016,50,8,5850112,5840896,FullyFusedMLP,True,ok,worker terminou sem concluir,2026-08-17T04:43:23
chair_T19_F2_L16_s0,chair,grid,False,0,19,2,16,1.381913,262144,5000,32.9616,1.7322,32.7392,0.97632,0.97178,0.01691,0.00032806,2016.6,3299.9,1283.3,1283.3,device_minus_baseline,231.748,22.81,0.498,21.58,77996.4,16009.2,262417.0,3.36,0.001,50,8,12206480,12196240,FullyFusedMLP,True,ok,worker terminou sem concluir,2026-08-17T04:46:35
chair_T19_F4_L4_s0,chair,grid,False,0,19,4,4,5.039684,262144,5000,31.6535,1.6946,31.3171,0.9698,0.9651,0.02713,0.00046229,1888.6,3171.9,1283.3,1283.3,device_minus_baseline,133.654,20.787,0.474,37.41,84605.4,22964.4,262828.2,3.11,0.0026,50,8,6317056,6307840,FullyFusedMLP,True,ok,worker terminou sem concluir,2026-08-17T04:51:14
chair_T19_F4_L8_s0,chair,grid,False,0,19,4,8,2.0,262144,5000,33.1183,1.6751,32.816,0.97686,0.97283,0.01735,0.00033211,2001.9,3285.2,1283.3,1283.3,device_minus_baseline,175.542,21.242,0.485,28.48,80096.7,17925.1,262230.0,3.27,0.0003,50,8,11692032,11681792,FullyFusedMLP,True,ok,worker terminou sem concluir,2026-08-17T04:54:05
chair_T19_F4_L16_s0,chair,grid,False,0,19,4,16,1.381913,262144,5000,33.5854,1.5901,33.3769,0.97853,0.97452,0.01476,0.00029114,2288.6,3567.2,1278.6,1278.6,device_minus_baseline,257.611,24.466,0.512,19.41,78006.9,14069.5,262776.1,3.37,0.0024,50,8,24404768,24392480,FullyFusedMLP,True,ok,worker terminou sem concluir,2026-08-17T04:57:41
chair_T19_F8_L4_s0,chair,grid,False,0,19,8,4,5.039684,262144,5000,32.7544,1.5968,32.2982,0.97549,0.97121,0.02066,0.00036721,2000.6,3279.2,1278.6,1278.6,device_minus_baseline,149.886,22.423,0.467,33.36,86804.9,19611.3,262371.9,3.02,0.0009,50,8,12625920,12615680,FullyFusedMLP,True,ok,worker terminou sem concluir,2026-08-17T05:02:51
chair_T19_F8_L8_s0,chair,grid,False,0,19,8,8,2.0,262144,5000,33.5645,1.5835,33.2908,0.97843,0.97429,0.01536,0.0002929,2266.6,3545.2,1278.6,1278.6,device_minus_baseline,204.689,22.269,0.488,24.43,78153.1,15185.9,262990.2,3.37,0.0032,50,8,23375872,23363584,FullyFusedMLP,True,ok,worker terminou sem concluir,2026-08-17T05:06:00
chair_T19_F8_L16_s0,chair,grid,False,0,19,8,16,1.381913,262144,5000,33.9198,1.5785,33.6462,0.97901,0.97489,0.01411,0.0002632,2980.6,4259.2,1278.6,1278.6,device_minus_baseline,310.434,26.116,0.498,16.11,80849.0,13684.7,262507.5,3.25,0.0014,50,8,48801344,48784960,FullyFusedMLP,True,ok,worker terminou sem concluir,2026-08-17T05:10:10
lego_T17_F4_L8_B65536_s0,lego,batch_sweep,False,0,17,4,8,2.0,65536,5000,30.8896,1.5954,31.4671,0.94705,0.94522,0.03702,0.00054701,1634.6,2913.2,1278.6,1278.6,device_minus_baseline,39.428,23.732,0.495,126.81,10109.4,2435.3,67054.3,6.63,0.0232,50,8,3303424,3293184,FullyFusedMLP,True,ok,worker terminou sem concluir,2026-08-17T05:16:22
lego_T17_F4_L8_B131072_s0,lego,batch_sweep,False,0,17,4,8,2.0,131072,5000,31.8182,1.5501,32.3042,0.95415,0.95253,0.03109,0.00045384,1626.6,2905.2,1278.6,1278.6,device_minus_baseline,63.743,23.902,0.486,78.44,20082.9,4692.9,132310.5,6.59,0.0094,50,8,3303424,3293184,FullyFusedMLP,True,ok,worker terminou sem concluir,2026-08-17T05:17:32
lego_T17_F4_L8_B262144_s0,lego,batch_sweep,False,0,17,4,8,2.0,262144,5000,32.31,1.8272,32.9143,0.95906,0.95762,0.02813,0.00039748,1824.6,3103.2,1278.6,1278.6,device_minus_baseline,117.818,23.346,0.497,42.44,43112.5,10034.2,263046.6,6.1,0.0034,50,8,3303424,3293184,FullyFusedMLP,True,ok,worker terminou sem concluir,2026-08-17T05:19:11
